"Gene ID","source_id","Organism","Genomic Location (Gene)","Product Description","Score","Coding Sequence","Predicted RNA/mRNA Sequence (introns spliced out)","Predicted Protein Sequence"
"EfaB_MINUS_22450.g1915","EfaB_MINUS_22450.g1915.t1","Eimeria falciformis Bayer Haberkorn 1970","EfaB_Contig_22450:61,991..65,480(-)","unspecified product","18.57","ATGGCAATGCTCAAATTTCTCGGTGTCGCATGTGCCTCACCATTTTTTCTCCTGTTCGTCTCCGCTGTTCGCACGGGAGATTTGGAAATTACAATCGGGACCGAAAACAGGTGCCTTGTGGCGATAGACGTAGCGCGTCAAAATGCAGGCCTCCCACAGTTCATGGAATCAGCTACAGGACTGCCGGATGCCTCCCTAGCAGGCTATTGGAAGAACGTATGCAAGGCAATTGGCTCTCCAGTTGCCGTACAGCCCTACCCAGAGGGTGAAACTGAGGATGCAACATACGCGTTGCTGCCTGTGGAAGATCCGAGCAAGGTTGATTGCTTGGCTGTTGTTAGGCAGTTTCAGGCCGCTATAGCTTCTTTTCCAAAAGGCCCGCCTCCCAAAAGCCAAGCAGAAGAGTTGTATAATCAGCAGACTACCCAAAACTTCTTTGCTTTGTATAACCCGAAAGAAAATTCAACAGCAGAGTGCAAAGTTATCACTTGCAAGTTTGGGCAAGACGGCGATCCTGAGAGCCACACGAACCACGCGCTTTTCTGTGAGACGAAGCCGGAGGTTTCTTTGAAAGACGGTGTATTCACGAGGAGGCAGTGGAAGAAAATTGCCGGAGCTATTGGCAGCTCTGCACAGACGGCAGTGCCGGCTGTCTTAATGTTTGCTGCAGTTGCAGTTGGTGCTCTCTTACTTTAA","TGTTATTTGTACAAGTACTTTGTTAGAAAATGGCAATGCTCAAATTTCTCGGTGTCGCATGTGCCTCACCATTTTTTCTCCTGTTCGTCTCCGCTGTTCGCACGGGAGATTTGGAAATTACAATCGGGACCGAAAACAGGTGCCTTGTGGCGATAGACGTAGCGCGTCAAAATGCAGGCCTCCCACAGTTCATGGAATCAGCTACAGGACTGCCGGATGCCTCCCTAGCAGGCTATTGGAAGAACGTATGCAAGGCAATTGGCTCTCCAGTTGCCGTACAGCCCTACCCAGAGGGTGAAACTGAGGATGCAACATACGCGTTGCTGCCTGTGGAAGATCCGAGCAAGGTTGATTGCTTGGCTGTTGTTAGGCAGTTTCAGGCCGCTATAGCTTCTTTTCCAAAAGGCCCGCCTCCCAAAAGCCAAGCAGAAGAGTTGTATAATCAGCAGACTACCCAAAACTTCTTTGCTTTGTATAACCCGAAAGAAAATTCAACAGCAGAGTGCAAAGTTATCACTTGCAAGTTTGGGCAAGACGGCGATCCTGAGAGCCACACGAACCACGCGCTTTTCTGTGAGACGAAGCCGGAGGTTTCTTTGAAAGACGGTGTATTCACGAGGAGGCAGTGGAAGAAAATTGCCGGAGCTATTGGCAGCTCTGCACAGACGGCAGTGCCGGCTGTCTTAATGTTTGCTGCAGTTGCAGTTGGTGCTCTCTTACTTTAAATAGCATTGCTGTTTTAATAGGCATCGCTCTTTTCTTTGTCATGCATTGCTTATTTAATAGGCACTGCTTTTTTCTTTGTTATGGTTAGTGGTTGTTAGAAAACCTATTACACCACCGAAACTCGCAGCCATTGGATACAGCTACATGCCGTTTGCGATGTTTTTCTTTGTCCTTTTGAACGCCATCTGCACATGGGCTGTCTTGCCTCTCTTCGCAGCGGCCGTGCAGCTCTCTCTGACTCTCTTGAATGAGCACTTCTTTAAGCGTTTGATTCGCGAGCCTCGGCCATCTCTGTCTCTGTCAACACAAACGCGGGCCCCAAGCCGCATGCAGCTTCTTTGTTGTCGCTTTC","MAMLKFLGVACASPFFLLFVSAVRTGDLEITIGTENRCLVAIDVARQNAGLPQFMESATGLPDASLAGYWKNVCKAIGSPVAVQPYPEGETEDATYALLPVEDPSKVDCLAVVRQFQAAIASFPKGPPPKSQAEELYNQQTTQNFFALYNPKENSTAECKVITCKFGQDGDPESHTNHALFCETKPEVSLKDGVFTRRQWKKIAGAIGSSAQTAVPAVLMFAAVAVGALLL"
"EfaB_MINUS_27413.g2287","EfaB_MINUS_27413.g2287.t1","Eimeria falciformis Bayer Haberkorn 1970","EfaB_Contig_27413:57,201..62,290(-)","unspecified product","15.27","ATGACTTCGTGGGTCCCCTTGCGGCATTTCATCACTCTCTCAGCACCGCTGCTGAGAGGCCCAGCGACGCGTCGGCTGCAGCAGCGCCGGCAGCAGCTACTGCAGCAGCAGGCGGAGCAGCGAACGCCCACCGCCAAATTGTCAGCAGCAGGAGCAGCTGCAGCAAGTGCAACGTTGGAAGGCAACGGAAATCAGCAGCAGCAGCTGATGCTGCTGCAGCAGGGGCCCCCCAAGAGAATTGGCACGGGTCTCTTTGCTGACCCCATGAGACCCCCTGAGGCCGTGGAAACGAGCAACGCAGCGCATGCTGAATTCTTGAAAATGCAGAGAGAGGAGCTCACGCAGCGGGTGGTGCGGCAGCTAATAGCCTTGAGAAAGCAGAGGCACAAAGAGTCCCAACAAGGACCAAGTGAAACGGCCACAAAAGAGACCAGAAAAGAACACCCAAAAAAGGAACTGCCCCTGGCACTTGCTGACGTGTACGTACACTTTGAGAGCAACATCCGACAGGTTGCCCCCCGACCCCATGACTTCGTCGAGGCTCAAGTGAAGGATTTAATCACAGGGGCCTCTGCAGCGGCAAACCTCTTGTATCCTCCTTCTGTTGAACTTGAAGAAGACGAGGACTCGGAGGCCCCTCAGGAAGGGGCCTTCAGCGGGCTTTCAGCGGAACAGCTGCGAAAGGTCGCTGGCCGTGTGAAGGCGCCAGCAATCCAATTGGTGCACGCAGAGGCCCAAGCAGCCCTCGCCAACTTAACGCTGGCGTCCTCACAGGAGTCCCCTAACGCAGGAGGGCCTCCTGAAGCAGAGGGGTCCCCTGACGCACAGGGGATTTCTGACGCAGAAGGGCCCCCTGAAGCAATGGGGCCCCCCGACTCACGCGGGTTTCCCACCGCAGAGGTGCCCCCTAAAGCAGAGGGGCCCCTTAGCTCAGAGGACATACCTCTGGTCTGGCGGATACGGCGGTCTCCTGCTTTGGAGTGGGAAGGCTTGCAGGGGTCTCCCTCTAGGGATGGAGAGAAGCAGAGCGCCTGTTCTTCTTTGGGGGGCTTGGGGTCTCTAGGGCCCTGGAAAGCCCCTGAAGTGCTCCAAAATTTGCAGAGGGGAGAGGGGGACCCCAGCTTGATGCTGGCAGGGGCCGCTGGGCAAATGCGCGCTGAGATGCTGGAGAGAAGCAGCTGCCTTGCGGAGGACGCAACGGGAGCCCCTCCTCCTCCATGTGCAGTGGGGGCCTCCTCAGCAGCTGAGAGCCCTGCTGACCAGTGGTCAGTTGGCCGCTCGAGGCCCAAGCGCAGCTTAGAGAGAGTGGAATTTGCTGAAGCGGCTGCTGCTCCGTTTTTGAGGGAAACCCTCAAAGCCAGCGAGCACGCGGAAAAAGCACAAAAGGCACTCCTCGGGGCCCTTTCTCCCCCAAACTCTTCTGAAACTCCTCAGCCCAGGGGACTCCTGAAGGAGACCTCTGCTGAAGGAAAATTTCTTTTTAGCGACGCATTCGCAGAATCGAAGGAAGCAAAAGAACATCCGCAACTCGCTGCTTTTTGGGAGGCACAGGGCGCGCGCTTTGGCTTCGTGAGGGACTGCCGCGTGCCCATTGGATTCGGGGAACCGGGTTCAACGCTCGCGGCGTACAAGGCAACAAGAAGAAGTTGCTGCCTCTTTGACGTTTCTTTCCGCCGTTTGTGGGAAGTTTCGGGGAGAGACCGGCTGGCCTTTGTGGATTTACTTGCTGCCTGCGACATCCAGAGACAAATGCGGATCGGAGACGTGCAGCCCTCGCTACTGCTCGACTCCAAGGGCCTCGTCCTCGACGAGTGCTTCGTCGCCAAACGCGAGCGAAAAGTCGAAATTTGGGGCTCTGGCCACGCGGCTTGGCACGTCTTCGAGTACCTCGCGGAACTAGCCAACTTCTGCAGGAAGAGCGGTTTGCAGATCTCGCTGCTGCCGTCGAAGAAAACTTGCGTATTGGAACTTCAGGGGCCCCTGGCAATGCGGCGCTTTCTCCAGCAGGTGGAGAAGGCCCTAAACCCCGACCTGGACAGCAGAGGCTGCTCGCCAAATGCGAATATCGGCGTTGCCCTTTTTGATGCTCGGGGCTTTCCGCTGACACTCGCAAGCACTGCCCAGCTCCCCTTTATGTCCGCTTGGGGCCTCAAACTTGCCGTTAAGACAAGCCCCCACAGACTTCACGAGGTGTTTTCTGTGAGTTGCCTCCGCGTCGGGTCCACCGGCGAAGACGGAATTGCATTTGCTTTAGAGGCTGTAGCTGCCCCTACCCTTGCGCAGTTGTTGCTGGGCGACGTTTGTGCCTTTGAGCCTTCGGAGGTCTCGCAAGTAAAGGCCCCTAGGGTGTCTGCCCCTGAGCTTGGGTGTCTTTGTGCGTTGGAGATGCTCCGCCTTGAGGCAGGGCTTCCCTCCATGGGGATTGACGTGCGCAGCAGCCACTCAGCCGCGCAGGCTGGAGTGGCGCGTCTTGTCAGTTTTTACAAAGTTCGCCAGAGACTTTTGCTGGGGGCAGAATTCCTTACGAAGCAACTCGCAGTGCCCCCTAATGTCAGAAGAGTTGCTTTCCTTGTGGGAGGCCCGGCGAGGCTCAAGAGGGCAGAAAGAATCCAGCACAGACTGCAGCAGCAGCACCACCACCACCACCACCAGCACCACGACCAGCAGCAACAGCAGGAGGAGGAGGAAGATTCTTTCTTTGCGGTTTCTGAGGAGGAAGAAGAAGTGAAGGGTTGCTTTCCGTTGGCAGGAAGCGTGGTGGTTTCTTACTGCCAGAGGCGCCCAATTGGCGTCGTCACTTCTGTCGCGTGGAGCCCCCAGCTCAAGTGCCGCGTGGCGCAGGGCCTCGTGCTTTTCGAGTTCGCGAGACACCGCGAGCCCGTCCTGTTTGCCGTCCCCCAGGCGGTGCCGCGGGAAACGCCAAAGTGGAAGAAGACAAAGCTTCTGAGAGGCCGCCGTCTGCGGACTCTCATTGAAGGCCGCGTGCACCGCCTGCCTCTCATCCCCCATAACTACCCTGTGCCAGAAAGCCAACGGCGAGTGGCAAAAACGGTTTCTTTTGGTGCTTACAAGAAACCGCGGACGGATGCTGCAAGCCGCAGCAGCTGA","ACCCTAAACCGTAAACCCTAACCGTGAAGCTGCGATGACTTCGTGGGTCCCCTTGCGGCATTTCATCACTCTCTCAGCACCGCTGCTGAGAGGCCCAGCGACGCGTCGGCTGCAGCAGCGCCGGCAGCAGCTACTGCAGCAGCAGGCGGAGCAGCGAACGCCCACCGCCAAATTGTCAGCAGCAGGAGCAGCTGCAGCAAGTGCAACGTTGGAAGGCAACGGAAATCAGCAGCAGCAGCTGATGCTGCTGCAGCAGGGGCCCCCCAAGAGAATTGGCACGGGTCTCTTTGCTGACCCCATGAGACCCCCTGAGGCCGTGGAAACGAGCAACGCAGCGCATGCTGAATTCTTGAAAATGCAGAGAGAGGAGCTCACGCAGCGGGTGGTGCGGCAGCTAATAGCCTTGAGAAAGCAGAGGCACAAAGAGTCCCAACAAGGACCAAGTGAAACGGCCACAAAAGAGACCAGAAAAGAACACCCAAAAAAGGAACTGCCCCTGGCACTTGCTGACGTGTACGTACACTTTGAGAGCAACATCCGACAGGTTGCCCCCCGACCCCATGACTTCGTCGAGGCTCAAGTGAAGGATTTAATCACAGGGGCCTCTGCAGCGGCAAACCTCTTGTATCCTCCTTCTGTTGAACTTGAAGAAGACGAGGACTCGGAGGCCCCTCAGGAAGGGGCCTTCAGCGGGCTTTCAGCGGAACAGCTGCGAAAGGTCGCTGGCCGTGTGAAGGCGCCAGCAATCCAATTGGTGCACGCAGAGGCCCAAGCAGCCCTCGCCAACTTAACGCTGGCGTCCTCACAGGAGTCCCCTAACGCAGGAGGGCCTCCTGAAGCAGAGGGGTCCCCTGACGCACAGGGGATTTCTGACGCAGAAGGGCCCCCTGAAGCAATGGGGCCCCCCGACTCACGCGGGTTTCCCACCGCAGAGGTGCCCCCTAAAGCAGAGGGGCCCCTTAGCTCAGAGGACATACCTCTGGTCTGGCGGATACGGCGGTCTCCTGCTTTGGAGTGGGAAGGCTTGCAGGGGTCTCCCTCTAGGGATGGAGAGAAGCAGAGCGCCTGTTCTTCTTTGGGGGGCTTGGGGTCTCTAGGGCCCTGGAAAGCCCCTGAAGTGCTCCAAAATTTGCAGAGGGGAGAGGGGGACCCCAGCTTGATGCTGGCAGGGGCCGCTGGGCAAATGCGCGCTGAGATGCTGGAGAGAAGCAGCTGCCTTGCGGAGGACGCAACGGGAGCCCCTCCTCCTCCATGTGCAGTGGGGGCCTCCTCAGCAGCTGAGAGCCCTGCTGACCAGTGGTCAGTTGGCCGCTCGAGGCCCAAGCGCAGCTTAGAGAGAGTGGAATTTGCTGAAGCGGCTGCTGCTCCGTTTTTGAGGGAAACCCTCAAAGCCAGCGAGCACGCGGAAAAAGCACAAAAGGCACTCCTCGGGGCCCTTTCTCCCCCAAACTCTTCTGAAACTCCTCAGCCCAGGGGACTCCTGAAGGAGACCTCTGCTGAAGGAAAATTTCTTTTTAGCGACGCATTCGCAGAATCGAAGGAAGCAAAAGAACATCCGCAACTCGCTGCTTTTTGGGAGGCACAGGGCGCGCGCTTTGGCTTCGTGAGGGACTGCCGCGTGCCCATTGGATTCGGGGAACCGGGTTCAACGCTCGCGGCGTACAAGGCAACAAGAAGAAGTTGCTGCCTCTTTGACGTTTCTTTCCGCCGTTTGTGGGAAGTTTCGGGGAGAGACCGGCTGGCCTTTGTGGATTTACTTGCTGCCTGCGACATCCAGAGACAAATGCGGATCGGAGACGTGCAGCCCTCGCTACTGCTCGACTCCAAGGGCCTCGTCCTCGACGAGTGCTTCGTCGCCAAACGCGAGCGAAAAGTCGAAATTTGGGGCTCTGGCCACGCGGCTTGGCACGTCTTCGAGTACCTCGCGGAACTAGCCAACTTCTGCAGGAAGAGCGGTTTGCAGATCTCGCTGCTGCCGTCGAAGAAAACTTGCGTATTGGAACTTCAGGGGCCCCTGGCAATGCGGCGCTTTCTCCAGCAGGTGGAGAAGGCCCTAAACCCCGACCTGGACAGCAGAGGCTGCTCGCCAAATGCGAATATCGGCGTTGCCCTTTTTGATGCTCGGGGCTTTCCGCTGACACTCGCAAGCACTGCCCAGCTCCCCTTTATGTCCGCTTGGGGCCTCAAACTTGCCGTTAAGACAAGCCCCCACAGACTTCACGAGGTGTTTTCTGTGAGTTGCCTCCGCGTCGGGTCCACCGGCGAAGACGGAATTGCATTTGCTTTAGAGGCTGTAGCTGCCCCTACCCTTGCGCAGTTGTTGCTGGGCGACGTTTGTGCCTTTGAGCCTTCGGAGGTCTCGCAAGTAAAGGCCCCTAGGGTGTCTGCCCCTGAGCTTGGGTGTCTTTGTGCGTTGGAGATGCTCCGCCTTGAGGCAGGGCTTCCCTCCATGGGGATTGACGTGCGCAGCAGCCACTCAGCCGCGCAGGCTGGAGTGGCGCGTCTTGTCAGTTTTTACAAAGTTCGCCAGAGACTTTTGCTGGGGGCAGAATTCCTTACGAAGCAACTCGCAGTGCCCCCTAATGTCAGAAGAGTTGCTTTCCTTGTGGGAGGCCCGGCGAGGCTCAAGAGGGCAGAAAGAATCCAGCACAGACTGCAGCAGCAGCACCACCACCACCACCACCAGCACCACGACCAGCAGCAACAGCAGGAGGAGGAGGAAGATTCTTTCTTTGCGGTTTCTGAGGAGGAAGAAGAAGTGAAGGGTTGCTTTCCGTTGGCAGGAAGCGTGGTGGTTTCTTACTGCCAGAGGCGCCCAATTGGCGTCGTCACTTCTGTCGCGTGGAGCCCCCAGCTCAAGTGCCGCGTGGCGCAGGGCCTCGTGCTTTTCGAGTTCGCGAGACACCGCGAGCCCGTCCTGTTTGCCGTCCCCCAGGCGGTGCCGCGGGAAACGCCAAAGTGGAAGAAGACAAAGCTTCTGAGAGGCCGCCGTCTGCGGACTCTCATTGAAGGCCGCGTGCACCGCCTGCCTCTCATCCCCCATAACTACCCTGTGCCAGAAAGCCAACGGCGAGTGGCAAAAACGGTTTCTTTTGGTGCTTACAAGAAACCGCGGACGGATGCTGCAAGCCGCAGCAGCTGAGCGCCTAAGGCGCTTAGGCAGCCTTAAGGCTAAAACTGCTTAGGAGACCACACGCCCAGTCAGTTCCTACAAGC","MTSWVPLRHFITLSAPLLRGPATRRLQQRRQQLLQQQAEQRTPTAKLSAAGAAAASATLEGNGNQQQQLMLLQQGPPKRIGTGLFADPMRPPEAVETSNAAHAEFLKMQREELTQRVVRQLIALRKQRHKESQQGPSETATKETRKEHPKKELPLALADVYVHFESNIRQVAPRPHDFVEAQVKDLITGASAAANLLYPPSVELEEDEDSEAPQEGAFSGLSAEQLRKVAGRVKAPAIQLVHAEAQAALANLTLASSQESPNAGGPPEAEGSPDAQGISDAEGPPEAMGPPDSRGFPTAEVPPKAEGPLSSEDIPLVWRIRRSPALEWEGLQGSPSRDGEKQSACSSLGGLGSLGPWKAPEVLQNLQRGEGDPSLMLAGAAGQMRAEMLERSSCLAEDATGAPPPPCAVGASSAAESPADQWSVGRSRPKRSLERVEFAEAAAAPFLRETLKASEHAEKAQKALLGALSPPNSSETPQPRGLLKETSAEGKFLFSDAFAESKEAKEHPQLAAFWEAQGARFGFVRDCRVPIGFGEPGSTLAAYKATRRSCCLFDVSFRRLWEVSGRDRLAFVDLLAACDIQRQMRIGDVQPSLLLDSKGLVLDECFVAKRERKVEIWGSGHAAWHVFEYLAELANFCRKSGLQISLLPSKKTCVLELQGPLAMRRFLQQVEKALNPDLDSRGCSPNANIGVALFDARGFPLTLASTAQLPFMSAWGLKLAVKTSPHRLHEVFSVSCLRVGSTGEDGIAFALEAVAAPTLAQLLLGDVCAFEPSEVSQVKAPRVSAPELGCLCALEMLRLEAGLPSMGIDVRSSHSAAQAGVARLVSFYKVRQRLLLGAEFLTKQLAVPPNVRRVAFLVGGPARLKRAERIQHRLQQQHHHHHHQHHDQQQQQEEEEDSFFAVSEEEEEVKGCFPLAGSVVVSYCQRRPIGVVTSVAWSPQLKCRVAQGLVLFEFARHREPVLFAVPQAVPRETPKWKKTKLLRGRRLRTLIEGRVHRLPLIPHNYPVPESQRRVAKTVSFGAYKKPRTDAASRSS"
"EfaB_MINUS_31746.g2426","EfaB_MINUS_31746.g2426.t1","Eimeria falciformis Bayer Haberkorn 1970","EfaB_Contig_31746:44,121..45,390(-)","unspecified product","16.47","ATGGCGCCGATGATCCAAGCCATGGGCGTGTGCCTTGTGGCCCTGTGCACTGTCCAGGCTGTACGCGCTGAAGTGACTGCCGATGATGCTCCTGAAGGAATGTACCTAAGCGTCAACTTGGCGCGCCGAGGGAAGATTGACAACAATCTTGCCGGACTAGTAGAGAAGGACTCTGCTATCGTCGATACAGTCAAAGCAGCACTACCCGCTATGACAGGCGAAGATGACACATGCGCAAAGGCAGGGGAAGTCACGTCTGCTACTGCAGAGGGGTTCGTTCTTAAAATCCCTTTCGACACACAAGAACCTAATTTCAAAGAACTTGTCCAGCAGGCTCTGACGGAAGGACTTCAAGCACTTGGCGACACGTTGCCAAAGGATAACTGGGGCGCTGGAATATGGAGCACCAACGACAAAGCAACAAACCTTGGCTACCTGCTTTGGAGTGGAAGTACTAAGGTTGGCTGTGCCATTACCAAAGGCTGTACCGCGGGCAACAACCTCGTTTTGTGCCGATTCACCCCTACAGCAACCAAGGATGCTGCTCCTTTCAACGAGGACTACTTTAAAGCTTTGAAGGAGAGAAAGGATTCTCTGAAGGATATGACGGCTGATGACCTCGAGAGCGCCAGCTCCATGGCTGTTCCTTCTGTTTTGCTTGCGAGTCTTGTTGTCGCTTTGGCCATGGCCTCTGTATAA","CTCTTTTCTTCTTCGACAACAATGGCGCCGATGATCCAAGCCATGGGCGTGTGCCTTGTGGCCCTGTGCACTGTCCAGGCTGTACGCGCTGAAGTGACTGCCGATGATGCTCCTGAAGGAATGTACCTAAGCGTCAACTTGGCGCGCCGAGGGAAGATTGACAACAATCTTGCCGGACTAGTAGAGAAGGACTCTGCTATCGTCGATACAGTCAAAGCAGCACTACCCGCTATGACAGGCGAAGATGACACATGCGCAAAGGCAGGGGAAGTCACGTCTGCTACTGCAGAGGGGTTCGTTCTTAAAATCCCTTTCGACACACAAGAACCTAATTTCAAAGAACTTGTCCAGCAGGCTCTGACGGAAGGACTTCAAGCACTTGGCGACACGTTGCCAAAGGATAACTGGGGCGCTGGAATATGGAGCACCAACGACAAAGCAACAAACCTTGGCTACCTGCTTTGGAGTGGAAGTACTAAGGTTGGCTGTGCCATTACCAAAGGCTGTACCGCGGGCAACAACCTCGTTTTGTGCCGATTCACCCCTACAGCAACCAAGGATGCTGCTCCTTTCAACGAGGACTACTTTAAAGCTTTGAAGGAGAGAAAGGATTCTCTGAAGGATATGACGGCTGATGACCTCGAGAGCGCCAGCTCCATGGCTGTTCCTTCTGTTTTGCTTGCGAGTCTTGTTGTCGCTTTGGCCATGGCCTCTGTATAAGACTTTGCAGCGAGATTTGTCGTAGGCCTGGGTGG","MAPMIQAMGVCLVALCTVQAVRAEVTADDAPEGMYLSVNLARRGKIDNNLAGLVEKDSAIVDTVKAALPAMTGEDDTCAKAGEVTSATAEGFVLKIPFDTQEPNFKELVQQALTEGLQALGDTLPKDNWGAGIWSTNDKATNLGYLLWSGSTKVGCAITKGCTAGNNLVLCRFTPTATKDAAPFNEDYFKALKERKDSLKDMTADDLESASSMAVPSVLLASLVVALAMASV"
"EfaB_MINUS_39892.g2648","EfaB_MINUS_39892.g2648.t1","Eimeria falciformis Bayer Haberkorn 1970","EfaB_Contig_39892:91,331..94,540(-)","unspecified product","15.27","ATGGTTTGGACTGTGTTTTCGTGTTGTCAGCGGCGGCTGCTTCCGCTTCTCCCGCTGCTGCTGCTGCTGCTGCAGCAGCAGCAGCAGCAAGCAGCAGCACAGGTGTTGGGTATAGATCTTGGCTCCGAGTTTATTAAGGCGGCGATTGTTGCCCCTGGCAAGCGTATGGAGTTGGTGCTTAGCAGCAGCAGCAGCAGGAAATTTCCTAATGCTGTCTCCTTTGTAGAGAAAGACACATGCGCTCTCACGGAAGATGCTGCTGCTCAAAGCCACAAAAAACCAGATAAGGTGTACCACGCAGCGTCTCTCTTCCTCGGCCTTGCTGCTTCCGAAATTGGAGACATTAGTGCCGCTGAGGAGACACCCGAGGCTGTTGCTGCTGTTGCTGCTGCTGCGGGCTGCAGCAACGGCAGCTGCAGCAGCAGCACGGGGTTGCAGCGCCTACACCCCAAAGGAGGCGTATGGCCTGGAGGTCTCTCGGCGCTCTATTATCCATGGGAGGCCTATGTGTCTCCTTCCCGCGGCAGCGTTTTGTTCAAGGTTAGAGACAATCTGCTGCTGCCAGCAGAGTCTCTTGCTGCTGCTGTGCTGTCTGCTGTTCGCCAGGCAGCAGCAGCAGCAGCCCATTTGGCTCCTTCAGCAGCACTTGGAGCTGTGGTGTCTGTACCCTGCAGATACTCGCAGAGACAGCGTGCTGCACTAAGAGACGCTTTAGAGATAGCTGGCTTCAAGGTTGTTGGCCTCGTCTCCCATGGGGCAGCAGCTGGGGTGCAGCACGCACTTGATACTTACGATGCAGCAACAGCAGCAGGAGCAGCAACAAGCGCAAAGGACAAACTGCTGCTCAATGTTGGAAGCAGCACCGTTGATGCAGCGCTTGTCTCCTTCCAAGTGGTCTCCACGGACAAGGGCAGCAGCAGCAGCAGCAGCAAAGGCAGCAGCAGCGGCGTCCCTCTGGTGTCTGTACGCGGCTGCAGCAGCACCACAGTTGGAGGCGGCAGGGCTGTAGATTTGTTGCTGGCAGAATCCTTAAGAGGATTCTTTGAGGAAAAGAACAAGGGCGTGTCTCTTTCCTCGTTGCCGCGAGCTCTAAAGAAGCTGGAGAAGCAGGCAGCTTCTGCAAAGAAAGTGTTGAGTGCTAACAAAAATACATTTGTGAGGGTCGAAGGTTTGTTCAAGGGCAAGGACCTGGAGAGACAGCTCAGCAGAGACACACTGGAGGCGCTGCTCTCCCAGGGGCCCCTGCTGAAGGAGGTGGAGACAGCGGGTGCTGCTGCTCTCGCTGCAGCAGCTGGACATACACTCGAGGAGACAGAGGCAATCGAGCTCCTTGGCGGGGGCTGGCGTGTCCCTAAAGTGCTACAAACTATTTATGATTGGGGGTCTGAGGCTCGCACAAAGACACATCTCAATGCAGACGAGGCCATGGCTACAGGAGCTGCTTTTGTTGCTGCCAACAGCACTGCTACTTTTCGTGTTCGAAAGCTGCTGCTGCAGGACGGGTCCCCTTTCAACTATTCTCTCCGCTTCCTTGGCCTTGAAGAAGACGACGACGAGGAGACAGCTGTCTCTTCAGACCAGCAGCAGCAGCAGCAGCAGCAGCAGCAGCAGGGCAAGACCAAGGTTCTTCTAGCTCCATTTAAGAGACTCAGCGGCAGCAAAAAGGTCTCCGTGAGAACACGTAAAGATTTTGTTGTGGAGCTGCTCGAAGACGAACGCGTCCTGAGCACCCACACCATTTCAGGTGTACAGGCAGCTCATGAGAAGCGGCAGCAAGACCTTGCGAAGGAGCAACAGCAGCAGGAGGAGAAGCAGCAGCAGCAGCAGCCGGTGCAGGACGATAAGGAGGCTCCCAAGGCAGAGCTCATTTTTTCTTTTGATGCAGCGGGGGTCGTTGACCTTGTCAAGGCCACCCTCATCTTCGAGCGCACCACGTACACCCCAGAGAAGGAAAAGGAGACACCTGCTGCAGCAGCAGGAGCAGCAGCAGCAGCGCCTGCAGCAGCTGCAGGGGAAGAGAAGAAGTGCGAGTCCCCAGACAGCCCGGACTGTGCTGCTGCTGCCGACAGCAGCAGCGACAGCAGCAGCAACAGCAGCAGCAGCAACAAGGGCAAGCGCGTGCTGCAGTTGTTTCCCTACCCTCTGCAGTTTAGCACTGCGTACACAAAGCCAGTGCCTCTCACCTCGGAGGAGAAGAAGCAGCTGAAGGAGCTGCTGCTGCAGCAGGAGGCGACAGACCTGGCAGCCAAGCAGCTGAGCGAGGGCCTTAATGCCTTGGAGACATTTATCTATGCTGCTCGAAGTCGCATCAACGAGGGGACACTTGATGCTGTCACGGAAGAGAGCTTCCGGCAGGAGGTGCTGCAGCAGCTGCAGCAGGACGAAGACTGGATCTATGGAGACGCTGCAGCAGAAGGCCTTGCTGCAGTCACACAGAGACTCAGCACCCTAAAGGAGACACTTAACCCTGCATACGTCAGAGCCAAGGAGGCAGAGGCAAGACCAACCCTCATAAGCAACACAGACAAGCTGCTGCGCGACTTCGAGCAGAGACTGCAGCAATTCACAGACACGAGGCCTTGGATTCCAGAGACAAAAATTTCTGCTGTACATACATTTCGCAAGGAGATGCTAACGTGGTGGGAGGACATGAAGCAGCAGCAGGAGAAGAGGTCGCTTCTTCTGGCTCCTCTCTTTACAGAGGCCGAGGTGCTTCTGAAGCTCAAGGACCTTTCAAAGAGGGTCAAGAGCCTTGAGGCCATCCCTAAACCCACAACAACCACCACAACAACAACCTCACCAAAAGAGGGAGGGGCAGCTGCAGAGAACGAAACAAAGGAGACAAAGGAGACGCCGGAAAAAGAGACAGAAGACAAGGAAGCAGCGCCAGAAGCGGCACAGGAGAAGGAGGAGGAGGCAGCAGAAGGAAAGAAGGACGAGCTTTAA","AGCAGCAGCAGCAGCAGCAGCAGAAGCTGCAGCAGGAGGAGCAGCTGTATATGTGACTGCGTTGTCTCGCCCCATTGAAAATGGTTTGGACTGTGTTTTCGTGTTGTCAGCGGCGGCTGCTTCCGCTTCTCCCGCTGCTGCTGCTGCTGCTGCAGCAGCAGCAGCAGCAAGCAGCAGCACAGGTGTTGGGTATAGATCTTGGCTCCGAGTTTATTAAGGCGGCGATTGTTGCCCCTGGCAAGCGTATGGAGTTGGTGCTTAGCAGCAGCAGCAGCAGGAAATTTCCTAATGCTGTCTCCTTTGTAGAGAAAGACACATGCGCTCTCACGGAAGATGCTGCTGCTCAAAGCCACAAAAAACCAGATAAGGTGTACCACGCAGCGTCTCTCTTCCTCGGCCTTGCTGCTTCCGAAATTGGAGACATTAGTGCCGCTGAGGAGACACCCGAGGCTGTTGCTGCTGTTGCTGCTGCTGCGGGCTGCAGCAACGGCAGCTGCAGCAGCAGCACGGGGTTGCAGCGCCTACACCCCAAAGGAGGCGTATGGCCTGGAGGTCTCTCGGCGCTCTATTATCCATGGGAGGCCTATGTGTCTCCTTCCCGCGGCAGCGTTTTGTTCAAGGTTAGAGACAATCTGCTGCTGCCAGCAGAGTCTCTTGCTGCTGCTGTGCTGTCTGCTGTTCGCCAGGCAGCAGCAGCAGCAGCCCATTTGGCTCCTTCAGCAGCACTTGGAGCTGTGGTGTCTGTACCCTGCAGATACTCGCAGAGACAGCGTGCTGCACTAAGAGACGCTTTAGAGATAGCTGGCTTCAAGGTTGTTGGCCTCGTCTCCCATGGGGCAGCAGCTGGGGTGCAGCACGCACTTGATACTTACGATGCAGCAACAGCAGCAGGAGCAGCAACAAGCGCAAAGGACAAACTGCTGCTCAATGTTGGAAGCAGCACCGTTGATGCAGCGCTTGTCTCCTTCCAAGTGGTCTCCACGGACAAGGGCAGCAGCAGCAGCAGCAGCAAAGGCAGCAGCAGCGGCGTCCCTCTGGTGTCTGTACGCGGCTGCAGCAGCACCACAGTTGGAGGCGGCAGGGCTGTAGATTTGTTGCTGGCAGAATCCTTAAGAGGATTCTTTGAGGAAAAGAACAAGGGCGTGTCTCTTTCCTCGTTGCCGCGAGCTCTAAAGAAGCTGGAGAAGCAGGCAGCTTCTGCAAAGAAAGTGTTGAGTGCTAACAAAAATACATTTGTGAGGGTCGAAGGTTTGTTCAAGGGCAAGGACCTGGAGAGACAGCTCAGCAGAGACACACTGGAGGCGCTGCTCTCCCAGGGGCCCCTGCTGAAGGAGGTGGAGACAGCGGGTGCTGCTGCTCTCGCTGCAGCAGCTGGACATACACTCGAGGAGACAGAGGCAATCGAGCTCCTTGGCGGGGGCTGGCGTGTCCCTAAAGTGCTACAAACTATTTATGATTGGGGGTCTGAGGCTCGCACAAAGACACATCTCAATGCAGACGAGGCCATGGCTACAGGAGCTGCTTTTGTTGCTGCCAACAGCACTGCTACTTTTCGTGTTCGAAAGCTGCTGCTGCAGGACGGGTCCCCTTTCAACTATTCTCTCCGCTTCCTTGGCCTTGAAGAAGACGACGACGAGGAGACAGCTGTCTCTTCAGACCAGCAGCAGCAGCAGCAGCAGCAGCAGCAGCAGGGCAAGACCAAGGTTCTTCTAGCTCCATTTAAGAGACTCAGCGGCAGCAAAAAGGTCTCCGTGAGAACACGTAAAGATTTTGTTGTGGAGCTGCTCGAAGACGAACGCGTCCTGAGCACCCACACCATTTCAGGTGTACAGGCAGCTCATGAGAAGCGGCAGCAAGACCTTGCGAAGGAGCAACAGCAGCAGGAGGAGAAGCAGCAGCAGCAGCAGCCGGTGCAGGACGATAAGGAGGCTCCCAAGGCAGAGCTCATTTTTTCTTTTGATGCAGCGGGGGTCGTTGACCTTGTCAAGGCCACCCTCATCTTCGAGCGCACCACGTACACCCCAGAGAAGGAAAAGGAGACACCTGCTGCAGCAGCAGGAGCAGCAGCAGCAGCGCCTGCAGCAGCTGCAGGGGAAGAGAAGAAGTGCGAGTCCCCAGACAGCCCGGACTGTGCTGCTGCTGCCGACAGCAGCAGCGACAGCAGCAGCAACAGCAGCAGCAGCAACAAGGGCAAGCGCGTGCTGCAGTTGTTTCCCTACCCTCTGCAGTTTAGCACTGCGTACACAAAGCCAGTGCCTCTCACCTCGGAGGAGAAGAAGCAGCTGAAGGAGCTGCTGCTGCAGCAGGAGGCGACAGACCTGGCAGCCAAGCAGCTGAGCGAGGGCCTTAATGCCTTGGAGACATTTATCTATGCTGCTCGAAGTCGCATCAACGAGGGGACACTTGATGCTGTCACGGAAGAGAGCTTCCGGCAGGAGGTGCTGCAGCAGCTGCAGCAGGACGAAGACTGGATCTATGGAGACGCTGCAGCAGAAGGCCTTGCTGCAGTCACACAGAGACTCAGCACCCTAAAGGAGACACTTAACCCTGCATACGTCAGAGCCAAGGAGGCAGAGGCAAGACCAACCCTCATAAGCAACACAGACAAGCTGCTGCGCGACTTCGAGCAGAGACTGCAGCAATTCACAGACACGAGGCCTTGGATTCCAGAGACAAAAATTTCTGCTGTACATACATTTCGCAAGGAGATGCTAACGTGGTGGGAGGACATGAAGCAGCAGCAGGAGAAGAGGTCGCTTCTTCTGGCTCCTCTCTTTACAGAGGCCGAGGTGCTTCTGAAGCTCAAGGACCTTTCAAAGAGGGTCAAGAGCCTTGAGGCCATCCCTAAACCCACAACAACCACCACAACAACAACCTCACCAAAAGAGGGAGGGGCAGCTGCAGAGAACGAAACAAAGGAGACAAAGGAGACGCCGGAAAAAGAGACAGAAGACAAGGAAGCAGCGCCAGAAGCGGCACAGGAGAAGGAGGAGGAGGCAGCAGAAGGAAAGAAGGACGAGCTTTAAAGGCACTTTAGAGACAAATAGAGCAGCAGCTAGAGATAGCTCAT","MVWTVFSCCQRRLLPLLPLLLLLLQQQQQQAAAQVLGIDLGSEFIKAAIVAPGKRMELVLSSSSSRKFPNAVSFVEKDTCALTEDAAAQSHKKPDKVYHAASLFLGLAASEIGDISAAEETPEAVAAVAAAAGCSNGSCSSSTGLQRLHPKGGVWPGGLSALYYPWEAYVSPSRGSVLFKVRDNLLLPAESLAAAVLSAVRQAAAAAAHLAPSAALGAVVSVPCRYSQRQRAALRDALEIAGFKVVGLVSHGAAAGVQHALDTYDAATAAGAATSAKDKLLLNVGSSTVDAALVSFQVVSTDKGSSSSSSKGSSSGVPLVSVRGCSSTTVGGGRAVDLLLAESLRGFFEEKNKGVSLSSLPRALKKLEKQAASAKKVLSANKNTFVRVEGLFKGKDLERQLSRDTLEALLSQGPLLKEVETAGAAALAAAAGHTLEETEAIELLGGGWRVPKVLQTIYDWGSEARTKTHLNADEAMATGAAFVAANSTATFRVRKLLLQDGSPFNYSLRFLGLEEDDDEETAVSSDQQQQQQQQQQQGKTKVLLAPFKRLSGSKKVSVRTRKDFVVELLEDERVLSTHTISGVQAAHEKRQQDLAKEQQQQEEKQQQQQPVQDDKEAPKAELIFSFDAAGVVDLVKATLIFERTTYTPEKEKETPAAAAGAAAAAPAAAAGEEKKCESPDSPDCAAAADSSSDSSSNSSSSNKGKRVLQLFPYPLQFSTAYTKPVPLTSEEKKQLKELLLQQEATDLAAKQLSEGLNALETFIYAARSRINEGTLDAVTEESFRQEVLQQLQQDEDWIYGDAAAEGLAAVTQRLSTLKETLNPAYVRAKEAEARPTLISNTDKLLRDFEQRLQQFTDTRPWIPETKISAVHTFRKEMLTWWEDMKQQQEKRSLLLAPLFTEAEVLLKLKDLSKRVKSLEAIPKPTTTTTTTTSPKEGGAAAENETKETKETPEKETEDKEAAPEAAQEKEEEAAEGKKDEL"
"EfaB_MINUS_56725.g2916","EfaB_MINUS_56725.g2916.t1","Eimeria falciformis Bayer Haberkorn 1970","EfaB_Contig_56725:217,213..221,582(-)","unspecified product","16.34","ATGGAGCCTGCTGACTTTGCCTCCGCTTTGGGCCTGGCGAAGCCTCAGCAGGCGAAGCGATTGGAGGCTTTCCTCTCTGCCATAAAGAGAGTAGCAGAGAACCCAACAGGAACAGCACAGGAGCAGCAGCAACCTGGCCCTGCTGCAACCGCACCTGCTGCTGCTGCTCCTGCTGCTGCTATCAGTAAGAAGAAGCGAGCGGCAAGCAAGGCAGAAGCAAGTGCAGAGCTTGTGGCTGTGAAAAGAAAACAATCAGCAGCTTCAAAGGGCCTCCAGGCTCCCCGTGTCTCCGGTTTAAAGAGACCCCCGCAAACTCTTCCTGCTGCTGTTGCTGCTGCTGCTGCTGGCAGCAGCGCAGCATTAGCACCAACTGTCCCTACCTCAGCTGCAGTAGAAGCAGCTGGCGTATCGCCAGAATTGCAGCAGTCAGCAGAGCCTAATGAGTTGCACGAGGCCAAGGCGGGGGACGCAGCAGCAGCAGCAGCAGCAGCAGCAGCAGCAGCAGTTCCAGAGAAATTGCAGCAGCAGAAAAAAATCAAAGACAGAAAAAGCAGCAGAGAGAAGAAAGTCTGCGGGCAGGAGCAGCAGAAGCAACAGCAAGAAGAAAGTAAACCAAAACAAGAGAAAAATAAACGAAAACAACAAAAGGACAACAAACAAAAGCAAGAGGAGGAAAAAATAAAGAAGAATGCCGACGCCCGTAGCGAGCGGAGGGAGAAGCTCCTTGCCTGGGGATCCTCTGTGGTGAGCCTCAAGGAAACTTTCGAGGCCAAAATACACCAAGAACAGAAAAACAAAAAGTTTCTATTTTCCATCTCGGGATTTGCCGAGGGTGCCGGCTTGCAGCACGAAATGCCTGGCCTCGTGCGACGCCTCGGGTCCCTTGGCGGTTTTTCTGTTTTCTTTGAATGGAAGCCTCAAAACCCTGAGAAAATCACACATCTTATTTGCAGCGACGAACTCGAGAGACCAACAGTGAAAGTTTATTTTGCGCTGGCGAGTGGCGCGTTGCTTCTGACGGAGGAATTTCTGAGGGAAGCGAAGAGAAATAACGCCTGGCCAGACCCCCGGCAGTTCCAGCGCGTTGATTTTCCCTCAGTTGAAAATCGAAAAAATTCTCGCTGGCTGCTGAGGGGCCTCCCCATCTGCGTCGATGGGCCCTGCCGTTCTGCTGCCCTTTCAAAGCAGCAGCTGCATGCATTGGTTGCTGCCCTTGGGGGCCGCTTGGCAGACGAGGCCTCGGCTTCTCTTTGGCTGTTGGAGGACGCAGAGACGCTGCGAAGGCGGCAGGCCAGGGGCCTCTGGGGCCCCCCCCAAGAGGCCAAAGGGGTCCCCAGGCCTGCAGCTGTTTCCACGCAGTGGCTGCTGGATTGTATTAAAAAGTGGCAGTGCATGCAGCCAGAGCCGCACATGCTGAGCCTTTTCTGCCAGCCCCAAAACAACAAAGCGGATGAAGGTCCAAAAGCAACTCTTCAGAAGATGAAGCAGAAATCAACGAAAATAGAAAAGGAAAATATGAACATGGAGGAGAGAGAGAATGCAGCCAATCCTCAGCAGCCCTCTGCCCCTGACGAAGAGACACCACCAGCAAGCAAACGACGCAAACGGCGGGCAAAGGAGAAAAATGCACAAAGGCCCTCAGAAGGCGCTGGCTCCCTGCCAGGCTGTGAGGCTCTTGCGGTAGCCGAAGCTGCATGCAGCAGCGCAGCTTCAAAGGAACATCAGCAGGAAGGGCAGGAGCAGCAACCAGAACAGAAGCAAGGGGAACATGTATCTGCAGTTGTTGATGCGGGCCACCGCCGCCGTCAGTCCAAAACCTCGAAGAAGCGTCTCCCTGAAAAGGGCCCTCAATCGGGGCCCCCCAAGAAGCAAAAGGCCTGCCTTCCTCCCGCCGACGCGGCAGGTGGGAGGAAGACAGCCCATCAGCTCAAGTCGCATGCAGCAACAGAGGCAGCAGCAGCAGAGGTAGCAGCAGCAGGGCCTGGCAGCGGGCCATTGGCTGCTGAGGAGGAAGAGGAGAACAGAAACTCGTTAGGGGCAGAAGAGGCCACAGCAAACGCATGCAGTGCTGCAAAGGAGGCAGCAGCTGTGGAGGGCGATGGGGAGAGCCAGGATGGCCTTGACGATGAGCTGCTGCCAGCTTCTGCTGTCAGCGACTGGGGTGTATTGGAGGAGGTTGGGGCTGGAAATGACATCCCTTCTCCTCAGGAACATAATTCTGCATGCGAGGAAACTATATCTTTTGCTGCTGAACCACCAGCAGAGGGAGGTGATGAAAGTGCTGGCAGCCCACAACGAGAATCTGCAGCCGCAACTTCACAGTCCGCTGCTGCGCCTATGGAATTTTTTGAACCCCCTGCGGCAGAGCTGGCGGTGGCTGACCTATTTGGGCCGGATGAGGAGGAGGGGGAGGCTGCTGAGTACAACTTCGACTTTGATGAACATTCCAGCTCGGCACAGAAAGAGTCTGCTGGGGTGGAACAAGGACGGCCCCACTGA","GTTCTCTCAGCCGCTGATCTCCAAAATTTTGGCCATACGGACTACGCAGGGGTGGCGAGGGTCGTGAAGCTTGACGCCGGCCTTAGCGAGGTGGTGGTAGCGGTAAAACTGCAAGAAATCGATGGGGCGGCTCTGCTGGCCATGGAGCCTGCTGACTTTGCCTCCGCTTTGGGCCTGGCGAAGCCTCAGCAGGCGAAGCGATTGGAGGCTTTCCTCTCTGCCATAAAGAGAGTAGCAGAGAACCCAACAGGAACAGCACAGGAGCAGCAGCAACCTGGCCCTGCTGCAACCGCACCTGCTGCTGCTGCTCCTGCTGCTGCTATCAGTAAGAAGAAGCGAGCGGCAAGCAAGGCAGAAGCAAGTGCAGAGCTTGTGGCTGTGAAAAGAAAACAATCAGCAGCTTCAAAGGGCCTCCAGGCTCCCCGTGTCTCCGGTTTAAAGAGACCCCCGCAAACTCTTCCTGCTGCTGTTGCTGCTGCTGCTGCTGGCAGCAGCGCAGCATTAGCACCAACTGTCCCTACCTCAGCTGCAGTAGAAGCAGCTGGCGTATCGCCAGAATTGCAGCAGTCAGCAGAGCCTAATGAGTTGCACGAGGCCAAGGCGGGGGACGCAGCAGCAGCAGCAGCAGCAGCAGCAGCAGCAGCAGTTCCAGAGAAATTGCAGCAGCAGAAAAAAATCAAAGACAGAAAAAGCAGCAGAGAGAAGAAAGTCTGCGGGCAGGAGCAGCAGAAGCAACAGCAAGAAGAAAGTAAACCAAAACAAGAGAAAAATAAACGAAAACAACAAAAGGACAACAAACAAAAGCAAGAGGAGGAAAAAATAAAGAAGAATGCCGACGCCCGTAGCGAGCGGAGGGAGAAGCTCCTTGCCTGGGGATCCTCTGTGGTGAGCCTCAAGGAAACTTTCGAGGCCAAAATACACCAAGAACAGAAAAACAAAAAGTTTCTATTTTCCATCTCGGGATTTGCCGAGGGTGCCGGCTTGCAGCACGAAATGCCTGGCCTCGTGCGACGCCTCGGGTCCCTTGGCGGTTTTTCTGTTTTCTTTGAATGGAAGCCTCAAAACCCTGAGAAAATCACACATCTTATTTGCAGCGACGAACTCGAGAGACCAACAGTGAAAGTTTATTTTGCGCTGGCGAGTGGCGCGTTGCTTCTGACGGAGGAATTTCTGAGGGAAGCGAAGAGAAATAACGCCTGGCCAGACCCCCGGCAGTTCCAGCGCGTTGATTTTCCCTCAGTTGAAAATCGAAAAAATTCTCGCTGGCTGCTGAGGGGCCTCCCCATCTGCGTCGATGGGCCCTGCCGTTCTGCTGCCCTTTCAAAGCAGCAGCTGCATGCATTGGTTGCTGCCCTTGGGGGCCGCTTGGCAGACGAGGCCTCGGCTTCTCTTTGGCTGTTGGAGGACGCAGAGACGCTGCGAAGGCGGCAGGCCAGGGGCCTCTGGGGCCCCCCCCAAGAGGCCAAAGGGGTCCCCAGGCCTGCAGCTGTTTCCACGCAGTGGCTGCTGGATTGTATTAAAAAGTGGCAGTGCATGCAGCCAGAGCCGCACATGCTGAGCCTTTTCTGCCAGCCCCAAAACAACAAAGCGGATGAAGGTCCAAAAGCAACTCTTCAGAAGATGAAGCAGAAATCAACGAAAATAGAAAAGGAAAATATGAACATGGAGGAGAGAGAGAATGCAGCCAATCCTCAGCAGCCCTCTGCCCCTGACGAAGAGACACCACCAGCAAGCAAACGACGCAAACGGCGGGCAAAGGAGAAAAATGCACAAAGGCCCTCAGAAGGCGCTGGCTCCCTGCCAGGCTGTGAGGCTCTTGCGGTAGCCGAAGCTGCATGCAGCAGCGCAGCTTCAAAGGAACATCAGCAGGAAGGGCAGGAGCAGCAACCAGAACAGAAGCAAGGGGAACATGTATCTGCAGTTGTTGATGCGGGCCACCGCCGCCGTCAGTCCAAAACCTCGAAGAAGCGTCTCCCTGAAAAGGGCCCTCAATCGGGGCCCCCCAAGAAGCAAAAGGCCTGCCTTCCTCCCGCCGACGCGGCAGGTGGGAGGAAGACAGCCCATCAGCTCAAGTCGCATGCAGCAACAGAGGCAGCAGCAGCAGAGGTAGCAGCAGCAGGGCCTGGCAGCGGGCCATTGGCTGCTGAGGAGGAAGAGGAGAACAGAAACTCGTTAGGGGCAGAAGAGGCCACAGCAAACGCATGCAGTGCTGCAAAGGAGGCAGCAGCTGTGGAGGGCGATGGGGAGAGCCAGGATGGCCTTGACGATGAGCTGCTGCCAGCTTCTGCTGTCAGCGACTGGGGTGTATTGGAGGAGGTTGGGGCTGGAAATGACATCCCTTCTCCTCAGGAACATAATTCTGCATGCGAGGAAACTATATCTTTTGCTGCTGAACCACCAGCAGAGGGAGGTGATGAAAGTGCTGGCAGCCCACAACGAGAATCTGCAGCCGCAACTTCACAGTCCGCTGCTGCGCCTATGGAATTTTTTGAACCCCCTGCGGCAGAGCTGGCGGTGGCTGACCTATTTGGGCCGGATGAGGAGGAGGGGGAGGCTGCTGAGTACAACTTCGACTTTGATGAACATTCCAGCTCGGCACAGAAAGAGTCTGCTGGGGTGGAACAAGGACGGCCCCACTGACACGCAAGGCAAATCTGTCCTGCGCATGCGGATGGACAAAAATATTTGCAGGAGCCCAATAATGTGTCAGGCGAAGATGATTTTGACAGAGCCTTTCCCAATGTTTGAGACTTGAGACGATTGTAGAAAGTTTAATGAATGCTACTAGCAACATGTTAAAATTACCATTTTAAAACGCACTGAAGCTTCCATTGGAGCCTGAGGAAGGCTCGAACCGA","MEPADFASALGLAKPQQAKRLEAFLSAIKRVAENPTGTAQEQQQPGPAATAPAAAAPAAAISKKKRAASKAEASAELVAVKRKQSAASKGLQAPRVSGLKRPPQTLPAAVAAAAAGSSAALAPTVPTSAAVEAAGVSPELQQSAEPNELHEAKAGDAAAAAAAAAAAAVPEKLQQQKKIKDRKSSREKKVCGQEQQKQQQEESKPKQEKNKRKQQKDNKQKQEEEKIKKNADARSERREKLLAWGSSVVSLKETFEAKIHQEQKNKKFLFSISGFAEGAGLQHEMPGLVRRLGSLGGFSVFFEWKPQNPEKITHLICSDELERPTVKVYFALASGALLLTEEFLREAKRNNAWPDPRQFQRVDFPSVENRKNSRWLLRGLPICVDGPCRSAALSKQQLHALVAALGGRLADEASASLWLLEDAETLRRRQARGLWGPPQEAKGVPRPAAVSTQWLLDCIKKWQCMQPEPHMLSLFCQPQNNKADEGPKATLQKMKQKSTKIEKENMNMEERENAANPQQPSAPDEETPPASKRRKRRAKEKNAQRPSEGAGSLPGCEALAVAEAACSSAASKEHQQEGQEQQPEQKQGEHVSAVVDAGHRRRQSKTSKKRLPEKGPQSGPPKKQKACLPPADAAGGRKTAHQLKSHAATEAAAAEVAAAGPGSGPLAAEEEEENRNSLGAEEATANACSAAKEAAAVEGDGESQDGLDDELLPASAVSDWGVLEEVGAGNDIPSPQEHNSACEETISFAAEPPAEGGDESAGSPQRESAAATSQSAAAPMEFFEPPAAELAVADLFGPDEEEGEAAEYNFDFDEHSSSAQKESAGVEQGRPH"
"EfaB_MINUS_6097.g573","EfaB_MINUS_6097.g573.t1","Eimeria falciformis Bayer Haberkorn 1970","EfaB_Contig_6097:63,401..65,330(-)","unspecified product","16.39","ATGATAGGCGTTACTGGATTGATTATGGCTGCGGTGGTTGGAGTTGTCACTGCTCAGAAGGGCAAAGTAAAAGTCGGCCTGGATGAATGCATCACTGCAGCAAATATAATGAGGACATCCAAGCTAACTATGGGTCTACCGGCCTTGAAGAATGACTCCGGTTTGCAGAAGGAAGCAAAAAAGCTCCTGGAGAAATCCTTCGGAAAGAATAACGATTGCTCGACCATGAAGCCACCGTCTCTAGGATCTGATCAGACTAATGCATTTGGCACGATGTTTGATGATGGAGAGAACCCTGAGTGTCTGGAAGGCATGAGTGATCTCGTCACTTCCTTTCTAGAGAGTTCTCCGAATTATCCACCAGCTTACGACACGACTTTGCCGCCGTGGGACAACCCTATAGGGGAGGCAGCTGCTCGCGTTTTCTGGAATAAAGCCACAAAAGTAGGATGCGCCTACACGTCGGGATGCAACGGTAACATGGCGATATGCCTTCTAAATTCTAGTCCAGCCAAAGGAGAGCACCCATTCAGCAACGATGTCTTCACTGCACTCCAAAAGCGATATACCGACAACATCGATCTTACAAAACTGAACGAGAAAGACATTGACTATTCATTTACTGCGAGTGCCTCTGTTGCTGGAACCCATGGATCGAGCGCCCGTGAGGACGACAGCTTACCAGGTGTTATATCCCGGTTGCCGGCAGTGTCTTAG","CTCGAAGATCTGCTGGTACTATCGATTGCTTTTACTATTGTACGACCGTTGTCTCTGTTTTCCCACACATTTTTAAAATGATAGGCGTTACTGGATTGATTATGGCTGCGGTGGTTGGAGTTGTCACTGCTCAGAAGGGCAAAGTAAAAGTCGGCCTGGATGAATGCATCACTGCAGCAAATATAATGAGGACATCCAAGCTAACTATGGGTCTACCGGCCTTGAAGAATGACTCCGGTTTGCAGAAGGAAGCAAAAAAGCTCCTGGAGAAATCCTTCGGAAAGAATAACGATTGCTCGACCATGAAGCCACCGTCTCTAGGATCTGATCAGACTAATGCATTTGGCACGATGTTTGATGATGGAGAGAACCCTGAGTGTCTGGAAGGCATGAGTGATCTCGTCACTTCCTTTCTAGAGAGTTCTCCGAATTATCCACCAGCTTACGACACGACTTTGCCGCCGTGGGACAACCCTATAGGGGAGGCAGCTGCTCGCGTTTTCTGGAATAAAGCCACAAAAGTAGGATGCGCCTACACGTCGGGATGCAACGGTAACATGGCGATATGCCTTCTAAATTCTAGTCCAGCCAAAGGAGAGCACCCATTCAGCAACGATGTCTTCACTGCACTCCAAAAGCGATATACCGACAACATCGATCTTACAAAACTGAACGAGAAAGACATTGACTATTCATTTACTGCGAGTGCCTCTGTTGCTGGAACCCATGGATCGAGCGCCCGTGAGGACGACAGCTTACCAGGTGTTATATCCCGGTTGCCGGCAGTGTCTTAGAGTGCCTGTCCC","MIGVTGLIMAAVVGVVTAQKGKVKVGLDECITAANIMRTSKLTMGLPALKNDSGLQKEAKKLLEKSFGKNNDCSTMKPPSLGSDQTNAFGTMFDDGENPECLEGMSDLVTSFLESSPNYPPAYDTTLPPWDNPIGEAAARVFWNKATKVGCAYTSGCNGNMAICLLNSSPAKGEHPFSNDVFTALQKRYTDNIDLTKLNEKDIDYSFTASASVAGTHGSSAREDDSLPGVISRLPAVS"
"EfaB_MINUS_6743.g610","EfaB_MINUS_6743.g610.t1","Eimeria falciformis Bayer Haberkorn 1970","EfaB_Contig_6743:298,383..299,612(-)","unspecified product","18.43","ATGGCTTCTTTCAAGTTCTTGACCTTGGCCAGCGCGTCCCTGTTTCTCCTCCAGGGCACATACACTAAAGCTGCATCTGGTAGTGGCACACAGAATATCAAAGCCATTGATTGCCTCGCCCCCGTAAACGACGCCAGGGCGCTCGTTGGCTTCCCATCACTCAAAGCGCCTGCACAAGCAGACGAAAACAATGGTCTGCAAGCTTTGTTGAAGAAGACAGAAAGCGGTTCACTTAAGGGCAAACTCTGCGCTGCCGTGAAGAGCGCCACGGGGGCGGGAACACTGATTGATCTCGACATGGAAAGGGGCTTGGCATACCACGACCAAACTGGAACCGACGGAGATTGCGCGGCAGCGGTTACACATTTCAAGGCAGGATTTGCTGGTCTTGGCTCCGAAAAGCCCGGCCAATACCAATCTGGTGCAGCACCTTTTAACACAGGAAATACTGTGTCATTCGCCTCCATATACTACCCTAAGGAAGGCGAGATTGAGTGCGCGTACGTCATATGCGGGGAGGAAGCAGGATCAGGAACAGAAGGAGCAGGGGGATCCTCTCAAACCCAGAGTTCTGCCGATGCTGGAGCGACTCCTGCAGCTGGGAAGAATGTCCTTGTTTGCATGACCAAGCCACCTACATTGGTCAAGGGCAAAGAGCCATTCACCGATGAAGAATTCAAAGCGTTCCAGAAGCTGCCGGGCTCTGGCGCCAATTCAGTGCCGACTTTCCTTGCCCTTGTGGCGGCAGCTGCAGGAATCGCTCTGTTGTAA","TTTTTCAACTTTATTCTTGCATATTTTTTGTTCTTAAACGATTTCCTTCGAAATCCCGCATCGAAAATGGCTTCTTTCAAGTTCTTGACCTTGGCCAGCGCGTCCCTGTTTCTCCTCCAGGGCACATACACTAAAGCTGCATCTGGTAGTGGCACACAGAATATCAAAGCCATTGATTGCCTCGCCCCCGTAAACGACGCCAGGGCGCTCGTTGGCTTCCCATCACTCAAAGCGCCTGCACAAGCAGACGAAAACAATGGTCTGCAAGCTTTGTTGAAGAAGACAGAAAGCGGTTCACTTAAGGGCAAACTCTGCGCTGCCGTGAAGAGCGCCACGGGGGCGGGAACACTGATTGATCTCGACATGGAAAGGGGCTTGGCATACCACGACCAAACTGGAACCGACGGAGATTGCGCGGCAGCGGTTACACATTTCAAGGCAGGATTTGCTGGTCTTGGCTCCGAAAAGCCCGGCCAATACCAATCTGGTGCAGCACCTTTTAACACAGGAAATACTGTGTCATTCGCCTCCATATACTACCCTAAGGAAGGCGAGATTGAGTGCGCGTACGTCATATGCGGGGAGGAAGCAGGATCAGGAACAGAAGGAGCAGGGGGATCCTCTCAAACCCAGAGTTCTGCCGATGCTGGAGCGACTCCTGCAGCTGGGAAGAATGTCCTTGTTTGCATGACCAAGCCACCTACATTGGTCAAGGGCAAAGAGCCATTCACCGATGAAGAATTCAAAGCGTTCCAGAAGCTGCCGGGCTCTGGCGCCAATTCAGTGCCGACTTTCCTTGCCCTTGTGGCGGCAGCTGCAGGAATCGCTCTGTTGTAAACGCATCGTTCATTCCCTGAAGCGGCCGACGATCGTCCCGGTTGCTCATGGTGGTCTTGCCACTTTTGTCCGCATTGTTGCTGCGGGGATGTGCATGCCCGGGCAT","MASFKFLTLASASLFLLQGTYTKAASGSGTQNIKAIDCLAPVNDARALVGFPSLKAPAQADENNGLQALLKKTESGSLKGKLCAAVKSATGAGTLIDLDMERGLAYHDQTGTDGDCAAAVTHFKAGFAGLGSEKPGQYQSGAAPFNTGNTVSFASIYYPKEGEIECAYVICGEEAGSGTEGAGGSSQTQSSADAGATPAAGKNVLVCMTKPPTLVKGKEPFTDEEFKAFQKLPGSGANSVPTFLALVAAAAGIALL"
"EfaB_MINUS_7048.g636","EfaB_MINUS_7048.g636.t1","Eimeria falciformis Bayer Haberkorn 1970","EfaB_Contig_7048:134,661..139,740(-)","unspecified product","16.04","ATGGCGCGTTTCCTTAGATTTGTCATACTCGCCAGTGCCTCGATGCTGGTCATTAGCGTACGAGATGCATCCGCAGGTGAAGAACAAATCTTAACCGACGAAGCTGATTGCGCCAAACAAATGAACGAGCCCAGGGAGAAAATTGGCTTTTCGCCATTCACTAAGGCGACTAGAGCAGAAGATACGTTTTTAAGTGCTCCCTCTAGGCCGGTGGATTCCAACTACCTGAAAAAGATCTGCACGACCTTGACGAAGAATCCTCCTGGACTTCCCACAGAATTCGTGGAAGAAGGAGCGGGCACCACAGCAATCTCAATTCAAACTGGGGAGAAACCGGATTGTGAGGCGGCAGTTAAGGAATGGGAGGGAGGCGTTACTAGGTTTCCTTCTTTGCCGCCCCCGTACAAGAAAGACACAGAGCCTTATACAAGGTCGGGTGCTATATCATTGGTTGCCCTCTTTAATCCTAATTCAAACCCCACGGTCGACTGTATGTACTTCACTTGCCCAGTCAAAAAAGCCGATGGACAAGACCCCGCTACTAACGCAGTTAAAGCGCTGGTGTGCCTCACGAGACCGCCTGCCTTGAAGGATGGCAAAGCTCCTTTCACCCAAAAGCAGTGGGACAAAATTAAAGGTGTAGTCCCTGAGTCAGAATCTCCTTCTGGAAGCATCACTTCAAAACGGGCGTGGAGTGAAAGGGAGGAGCTGAGGCACGCNNNNNNNNNNGGGGTGCAAAGATCGCTGCAAGACTCACAAAGAGGGGAAGGCTGCCGGCGGTGGAGCAAGCGTGAACGGCATTCATCGCCTTTACAATATCTACGCAGAGTAAACCAGCTTGCCCTCAAAACGACAAAGAGAACAATTCATGCGTTGTTTCAGCGCCAGCAAGCCAATCAATTCTGCCAAAGTTTACAGCCCACTTTGACGAAGAAGCGTGGCTTCGCTGAGGCGCGGCGTCGCGCTCTCCGGTCTTACCAACCATTTTTGGCACAGCGGCACCCAAAGGCTGCACTGCTAGGCTGTGCCGTGGGGGATGAGCCATGCCCAGGGATAGTCAGACACCTCTCCATGTTCTTTTCGCGAGCCAAAGAGGCTTGGTGGACACAGTGGTACGAGGGGACGAAGCGGATATTCAAGTCGTTTTCTTGTCGAGTTCATGGTGAACTTGCAGAGCCACTTTGTCGTTGGTTTTGGGATGCAGTGCGGCGCGATGGACGACGCCTCTCACTAATGGAAGTGGAAACCCAATATGCACATGTTCGCTCCATCGCAATTTTGGAGAAACAAGTGACGGGTACTGCAGATTGCCACGAAGACATTCAATTGCATCTCCCATGTGAGGGCGAATTACCCGAAAGAAAAGATTTGTCAGAAGCGGCACCTCAGGGCACAATACATACTCTTCACGCGACAGCCGCTGAGTACCCGCAGTGGCCCCCGCATGGAAGCTGCCAGTTGCGGAGGTCAGTATCCACTACCTCTTCAAAGAATGCGATTATTGCTGCTTCGTTGCCGCTCTGGCTACACCCCAGTTCAAAGGGTGAAGCTTCTAAGGCAGTGCATGAGATGGACGAGACACACAACGCTGCTGACATGCAACCGTGCAGTAGAATTGCAGTATTATCAACTCCAGCGACTCCGATACACGCAACAATGGACTGGAAAGTGCCAAGCTGCGAGTCACCAAGCGGGTGA","TTTGGCGAAGATGGCGCGTTTCCTTAGATTTGTCATACTCGCCAGTGCCTCGATGCTGGTCATTAGCGTACGAGATGCATCCGCAGGTGAAGAACAAATCTTAACCGACGAAGCTGATTGCGCCAAACAAATGAACGAGCCCAGGGAGAAAATTGGCTTTTCGCCATTCACTAAGGCGACTAGAGCAGAAGATACGTTTTTAAGTGCTCCCTCTAGGCCGGTGGATTCCAACTACCTGAAAAAGATCTGCACGACCTTGACGAAGAATCCTCCTGGACTTCCCACAGAATTCGTGGAAGAAGGAGCGGGCACCACAGCAATCTCAATTCAAACTGGGGAGAAACCGGATTGTGAGGCGGCAGTTAAGGAATGGGAGGGAGGCGTTACTAGGTTTCCTTCTTTGCCGCCCCCGTACAAGAAAGACACAGAGCCTTATACAAGGTCGGGTGCTATATCATTGGTTGCCCTCTTTAATCCTAATTCAAACCCCACGGTCGACTGTATGTACTTCACTTGCCCAGTCAAAAAAGCCGATGGACAAGACCCCGCTACTAACGCAGTTAAAGCGCTGGTGTGCCTCACGAGACCGCCTGCCTTGAAGGATGGCAAAGCTCCTTTCACCCAAAAGCAGTGGGACAAAATTAAAGGTGTAGTCCCTGAGTCAGAATCTCCTTCTGGAAGCATCACTTCAAAACGGGCGTGGAGTGAAAGGGAGGAGCTGAGGCACGCNNNNNNNNNNGGGGTGCAAAGATCGCTGCAAGACTCACAAAGAGGGGAAGGCTGCCGGCGGTGGAGCAAGCGTGAACGGCATTCATCGCCTTTACAATATCTACGCAGAGTAAACCAGCTTGCCCTCAAAACGACAAAGAGAACAATTCATGCGTTGTTTCAGCGCCAGCAAGCCAATCAATTCTGCCAAAGTTTACAGCCCACTTTGACGAAGAAGCGTGGCTTCGCTGAGGCGCGGCGTCGCGCTCTCCGGTCTTACCAACCATTTTTGGCACAGCGGCACCCAAAGGCTGCACTGCTAGGCTGTGCCGTGGGGGATGAGCCATGCCCAGGGATAGTCAGACACCTCTCCATGTTCTTTTCGCGAGCCAAAGAGGCTTGGTGGACACAGTGGTACGAGGGGACGAAGCGGATATTCAAGTCGTTTTCTTGTCGAGTTCATGGTGAACTTGCAGAGCCACTTTGTCGTTGGTTTTGGGATGCAGTGCGGCGCGATGGACGACGCCTCTCACTAATGGAAGTGGAAACCCAATATGCACATGTTCGCTCCATCGCAATTTTGGAGAAACAAGTGACGGGTACTGCAGATTGCCACGAAGACATTCAATTGCATCTCCCATGTGAGGGCGAATTACCCGAAAGAAAAGATTTGTCAGAAGCGGCACCTCAGGGCACAATACATACTCTTCACGCGACAGCCGCTGAGTACCCGCAGTGGCCCCCGCATGGAAGCTGCCAGTTGCGGAGGTCAGTATCCACTACCTCTTCAAAGAATGCGATTATTGCTGCTTCGTTGCCGCTCTGGCTACACCCCAGTTCAAAGGGTGAAGCTTCTAAGGCAGTGCATGAGATGGACGAGACACACAACGCTGCTGACATGCAACCGTGCAGTAGAATTGCAGTATTATCAACTCCAGCGACTCCGATACACGCAACAATGGACTGGAAAGTGCCAAGCTGCGAGTCACCAAGCGGGTGAGGACAGCCCAAGTGTCGTAGCGCATCATCCACTCGCAACAGCTAATGGGAGNNNNNNNNNNNNNNNNNNNNNNNNNNNNNNNNNNNNNNNNNNNNNNNNNNNNNNNNNNNNNNNNNNNNNNNNNNNNNNNNNNNNNNNNNNNNNNNNNNNNNNNNNNNNNNNNNNNNNNNNNNNNNNNNNNNNNNNNNNNNNNNNNNNNNNNNNNNNNNNNNNNNNNNNNNNNNNNNNNNNNNNNNNNNNNNNNNNNNNNNNNNNNNNNNNNNNNNNNNNNNNNNNNNNNNNNNNNNNNNNNNNNNNNNNNNNNNNNNNNNNNNNNNNNNNNNNNNNNNNNNNNNNNNNNNNNNNNNNNNNNNNNNNNNNNNNNNNNNNNNNNNNNNNNNNNNNNNNNNNNNNNNNNNNNNNNNNNNNNNNNNNNNNNNNNNNNNNNNNNNNNNNNNNNNNNNNNNNNNNNNNNNNNNNNNNNNNNNNNNNNNNNNNNNNNNNNNNNNNNNNNNNNNNNNNNNNNNNNNNNNNNNNNNNNNNNNNNNNNNNNNNNNNNNNNNNNNNNNNNNNNNNNNNNNNNNNNNNNNNNNNNNNNNNNNNNNNNNNNNNNNNNNNNNNNNNNNNNNNNNNNNNNNNNNNNNNNNNNNNNNNNNNNNNNNNNNNNNNNNNNNNNNNNNATCAGGACACAAGTTAGCCGATCAACTGTAATATTTACTTGTGTAATATTTACTTGTGTTGGTTAGTGAAGAAGTCAACACAAGGCAGCGTGTACGGGGTGGTCTAGGTGTGTAGGGACAGGCTGGAATGGCGCTGGTGACTTGGTAAGGGCTTATTTGCCGCTCTCTCAATAGAATTTAACCACTTCAGCATTACTTTGGCTAATTTTGCAGGGGAAGTCTAAATGACGCACAACATGTCTGCACCTCTCCCATGCATGCTTACAAGCAGCTTCAGACCAGGAAACAAGCTGCCACCTTTAACATAGCAATGGGAAACAATAAACTCTTTTTAATAACAAGGGGAAACTTCTCATTTGGTACATTTCCGTAATTGTTTTGGCGAAGATGGCGCATTTGCTCAGATTGGTAACACTCGCCCTCGCCAGTGCCTCGATGGTGGTGATTAGCTCAGGAGAAGCATCCACAGAACCAGGCGATTGCGTCGCTCAGATGAAGGAGGCCAGGAAGAAAGCGGGTTTATTGCCATGCACTAAGGCAATTTAAGAAAACGATAGTCGTTATCCTGGTTTGTCTGGCCCGGGAGTAGTTTTCGGCTTCCTGGAGGAGGTCTGGAATGGCTTCGCACTTGTAAGTCTGTTGATTATTTCCATGCTTTTCCCGGTTCATTTCTTAAGGATTTCGAGTTAAACATGTCGCTTTCTCTGGGGCTTGGACACTTCACGTGCTTCTGCTCAAGAACCTCCCGGACTTAATGTTTAAAAAACCGATGGACAAGACTCCGCTACCAAAAAATCTTTAGGGCTGGTTGGTCTCACAAAACCGCCGGCTTTGAAAGATGGCAAAGCTCTTTTCACCTGAGAGCAGTGGGACAAAATTAAAGGTGTAAT","MARFLRFVILASASMLVISVRDASAGEEQILTDEADCAKQMNEPREKIGFSPFTKATRAEDTFLSAPSRPVDSNYLKKICTTLTKNPPGLPTEFVEEGAGTTAISIQTGEKPDCEAAVKEWEGGVTRFPSLPPPYKKDTEPYTRSGAISLVALFNPNSNPTVDCMYFTCPVKKADGQDPATNAVKALVCLTRPPALKDGKAPFTQKQWDKIKGVVPESESPSGSITSKRAWSEREELRHXXXXGVQRSLQDSQRGEGCRRWSKRERHSSPLQYLRRVNQLALKTTKRTIHALFQRQQANQFCQSLQPTLTKKRGFAEARRRALRSYQPFLAQRHPKAALLGCAVGDEPCPGIVRHLSMFFSRAKEAWWTQWYEGTKRIFKSFSCRVHGELAEPLCRWFWDAVRRDGRRLSLMEVETQYAHVRSIAILEKQVTGTADCHEDIQLHLPCEGELPERKDLSEAAPQGTIHTLHATAAEYPQWPPHGSCQLRRSVSTTSSKNAIIAASLPLWLHPSSKGEASKAVHEMDETHNAADMQPCSRIAVLSTPATPIHATMDWKVPSCESPSG"
"EfaB_MINUS_7048.g637","EfaB_MINUS_7048.g637.t1","Eimeria falciformis Bayer Haberkorn 1970","EfaB_Contig_7048:142,991..144,190(-)","unspecified product","16.39","ATGGCGAATTTTCTCATATTGGTGACACTCGGCAGTGTCTTGGTGGCGGTTGTCAGCTTACAAGGAGCTTGTGCAGGTGAAGAAAAGCAAGCCACTGCCAAACCAACTGATTGTCTTGGTCAAATGAACGAGCCCAGGAGCAAAGCTGGTTTTTTGCCATTCACTCAGGCGACTGGAAAAACTAATATTAGTGATCCATCCTCTATACGCTTCAGTGAAGTGTGCGAAACTCTGGCATTTGAACCTGAGGAACTTACTCTTTTCTGGGGACCAAAGAGCGGCACCCCAGCAGTCTCAATTCAAACTGGGGAGCACGCGGATTGTGAGGCGGCAGTTAAGGAATGGGAGAAAGGCGTCACTAAGTTTCCTTCTTTGCCGTCCCCGTTCGAGAATGCTTCAGAAGAAAAGATAACAGGGCCGTATGCACATTCAGACGCTATATGA","TTGTCGAAAATGGCGAATTTTCTCATATTGGTGACACTCGGCAGTGTCTTGGTGGCGGTTGTCAGCTTACAAGGAGCTTGTGCAGGTGAAGAAAAGCAAGCCACTGCCAAACCAACTGATTGTCTTGGTCAAATGAACGAGCCCAGGAGCAAAGCTGGTTTTTTGCCATTCACTCAGGCGACTGGAAAAACTAATATTAGTGATCCATCCTCTATACGCTTCAGTGAAGTGTGCGAAACTCTGGCATTTGAACCTGAGGAACTTACTCTTTTCTGGGGACCAAAGAGCGGCACCCCAGCAGTCTCAATTCAAACTGGGGAGCACGCGGATTGTGAGGCGGCAGTTAAGGAATGGGAGAAAGGCGTCACTAAGTTTCCTTCTTTGCCGTCCCCGTTCGAGAATGCTTCAGAAGAAAAGATAACAGGGCCGTATGCACATTCAGACGCTATATGATTGGTTGCCCTTTTTAATCCTAATCCAAACCCCACGGTCGAGTGTATGTACTTCGATTGCCCAGCTAAACCAGCCGATAAAAAAAGCCCCGCTAGCAAAGCGGTTAAAGGGCTGGTGTGCATCACGAACCCTCCTACCTTCGAAGATGGCAAAGCTCCTTTCACCCAAGAGCAGTGGGACAAAATTAAAGCTGCAGTCCCTCAGACAGAGACAGATCCACCTTCGGGTACTACG","MANFLILVTLGSVLVAVVSLQGACAGEEKQATAKPTDCLGQMNEPRSKAGFLPFTQATGKTNISDPSSIRFSEVCETLAFEPEELTLFWGPKSGTPAVSIQTGEHADCEAAVKEWEKGVTKFPSLPSPFENASEEKITGPYAHSDAI"
"EfaB_PLUS_17089.g1451","EfaB_PLUS_17089.g1451.t1","Eimeria falciformis Bayer Haberkorn 1970","EfaB_Contig_17089:17,551..18,696(+)","unspecified product","16.04","ATGGTGTTCATAGGCTCACAAGAAGCATCCGCCTCAGGTAGACCAACAATCACATCTGGGGAAGCTGACTGCACCGCTCATATGAACGAGCCCAGGAAGAAAGTTGGCTTTTCGCCATTTACTAAGGCGACTGAAAAAAAAGATATGCTTTTAAGTGCTCCTGGTAGGGAGGAGAATGCCGGCTACATGGGAAAGGTCTGCGAGACCTTGGCGAAGAATCCTCCCGGACTTCCTACAGAATTCCTGGAAGAAAGCGAAGGCACCGTAGCATTCTCAATTCAGACTGGGGATAACGCGGATTGTGAGGCGGCAGTCAAGGAGTGGCAAGGAGCCCTTACTAAGTTTTCTTCTTTGCCGCCCTCGTACACTAAAAACAAAGAGCCGTATACAAGTTCAGGCGCTATATCGTTCATTGCCCTCTTTAATCCTAATGAAAACCCCACGGTCGACTGTCAGTACTTCAAATGCCCACTTGAGGAAGCCGGTGCCAGTGAACAAAACCCCACTACCAAAACACTTAAAGCGGTGGTGTGCCTCACGAGACCGCCTGCCTTGACAGATAACAAAGCTCCTTTTACCCAAGAACAGTGGGACAAAATTAAAACTAAAATCCCCGGTTCAGATTCTGGTAATACGGCCGTAGCTTCGACGTTCGTTGTCCTCACCGCAGTCGCCCTGGGTGTCTCTCTTTTTTAA","GTGCCTCGATGGTGTTCATAGGCTCACAAGAAGCATCCGCCTCAGGTAGACCAACAATCACATCTGGGGAAGCTGACTGCACCGCTCATATGAACGAGCCCAGGAAGAAAGTTGGCTTTTCGCCATTTACTAAGGCGACTGAAAAAAAAGATATGCTTTTAAGTGCTCCTGGTAGGGAGGAGAATGCCGGCTACATGGGAAAGGTCTGCGAGACCTTGGCGAAGAATCCTCCCGGACTTCCTACAGAATTCCTGGAAGAAAGCGAAGGCACCGTAGCATTCTCAATTCAGACTGGGGATAACGCGGATTGTGAGGCGGCAGTCAAGGAGTGGCAAGGAGCCCTTACTAAGTTTTCTTCTTTGCCGCCCTCGTACACTAAAAACAAAGAGCCGTATACAAGTTCAGGCGCTATATCGTTCATTGCCCTCTTTAATCCTAATGAAAACCCCACGGTCGACTGTCAGTACTTCAAATGCCCACTTGAGGAAGCCGGTGCCAGTGAACAAAACCCCACTACCAAAACACTTAAAGCGGTGGTGTGCCTCACGAGACCGCCTGCCTTGACAGATAACAAAGCTCCTTTTACCCAAGAACAGTGGGACAAAATTAAAACTAAAATCCCCGGTTCAGATTCTGGTAATACGGCCGTAGCTTCGACGTTCGTTGTCCTCACCGCAGTCGCCCTGGGTGTCTCTCTTTTTTAATTATCTAGTTTCAAAGTAGTTATTTGGCTGCTTTTTCTTCTTTTATTATATACTTATTTTCAAACATTAACGAGCACTGGATATTTTCATATC","MVFIGSQEASASGRPTITSGEADCTAHMNEPRKKVGFSPFTKATEKKDMLLSAPGREENAGYMGKVCETLAKNPPGLPTEFLEESEGTVAFSIQTGDNADCEAAVKEWQGALTKFSSLPPSYTKNKEPYTSSGAISFIALFNPNENPTVDCQYFKCPLEEAGASEQNPTTKTLKAVVCLTRPPALTDNKAPFTQEQWDKIKTKIPGSDSGNTAVASTFVVLTAVALGVSLF"
"EfaB_PLUS_17096.g1454","EfaB_PLUS_17096.g1454.t1","Eimeria falciformis Bayer Haberkorn 1970","EfaB_Contig_17096:26,551..29,016(+)","unspecified product","19.42","ATGCTTGTATGGCGGGTTGGCTCAGGGGTTCAGTCTCTTCGTCTAGAGCGCAGCCAGCTCCCGCTGGTCCGCGCCTCATGTGTCTGTACACCCGAAAAAGTTGAACAACTCCCGCCGTCTCCGTCCCTCACCGAAATGGCCATAACAATTTATTTTCCTTTGCTTACAGCGCTGGCTGCGTTGGCCCTCTGCGCTCTGGAAGCAGAGGCCCGCCTGGTGCTGCCGTGGCCTTTGGCGAAAGAGACATTTGTCCAGCTTCATAGCAGTGCAGAGTCTGCTGGTGACTCTGATGCTAAGAGCAGTTCGGCTGAGGCTTCAGAAGGGTCTACACGCGAGCCTAGCGGGTCTTCGCAGAAAGAAGGCGATGCGAATGAGGCTAATCAATCCAGTACATCCAGTGGCACTGAGAGCGAAGCCCAGGAAGCATCAAAACAAGAAGACCAAAAAACCACAAGTGAAGATACACCCGAAGGATCTTCAGAAGAAGAATCAGAATCTTCCAGCGCGTCCAACTCAGCAGGAGGCTCACAGACAGAAGGGCAGGAAGGTTCGAGCCAAGAAGGTCAGCGGACAAATGAAAGCGCGTTAGATACCTCCTCAAACGCTGAAAAATCTGAAACCAATTCAAATGTAGAGACACCAGCGGCAGGCAGCGCAGGAGAGGAGCAGCCCTCCAACCCTCCCGCAACAGAACAACAAAACAACCAGGCAGAGGGCAAAGGCGAGCAGCAGCCTGTGGAATCAACTCCATCAAAATCAGATAAAGAAGTTCAACAGGAAGGCAAGGGAAGCTCCCCAGAAAACGAACAATCCAAATCTCAGAGCGAAGCAAAAACACCCGGAGATCATACACATGAACATGCGGCTCCTCCTTCTCAAGAATCCGAGCCAGAGCCAAAAGCTAGCCAAACAGAGAAGGCAGCAGAGCAACACCGCAGTGCTGCTCATGAGGAACGTCCACTGTCTGCCTCTGCGACTGAGCAGTCTCCAGAGGCCGCTTCAGCCACAGACAGCCCAGCTGTATCTACAGCAGAAGATCCGCGCATGCAGTCCATTACATTGCACGACTCACTGACAGCAGAGGCAGACAAATTCTCAGAAACTTTTGCAGGTCCCAAGGTTGAAGAACTTACAGCGCATTGCGTAATGACCCACAACAAAATAAGGACTGCCAGACTCGACCAGTGGCCTGATCCTTTAAACGCAGACGATGGGCTAGCAGAAGTTGCTCGAAACCGTGCAAAAGAATATATTTCTAACAACTGCCAACTTCCCGAAAAAACCAAACTTGACCCTCTTGTGGAGTTAATGGCGCAAAAAAATGGAAAGGCATGCGACGGGCTGAGTTATGTTTTCCTTGACGGCCTTTCTGAAATGGAAAAAGTTCTTCATGAGAAACCGCCAGGGTCTTACAACCCAACAGATCCCAAAAACGCGTGGCACTCGGAAAATGCGCAGAAACTCGCGCTGCTCATGTCCGAAACAGGACGGTCTGTCGGCTGTGCTGCGACCACCGGATGTGCTGAAGATTATTTATTCTGCCATTATTTTCCTAAACTTGCCATTGGAAACGAAGTCATTTCAACCCAAATATACAACGCCCTCAAAAAACGAGAAAGTGTGGAGACCCATGGACTGCCCTTTTTAGCAAGCAAAGTGGCAGACCACGAGGTGAAAAGTTCAGCAGGAGCTAAGGTCAAGGAATTTGAATCGAGTTCAGCTAGCGCTGCTTTGCCGTTGACATTTGTGGCAATCGTTGCAGTCCCTATACTGGGAACGCTGCGACTATTCTGA","GGTTTATTGGATGCTTGTATGGCGGGTTGGCTCAGGGGTTCAGTCTCTTCGTCTAGAGCGCAGCCAGCTCCCGCTGGTCCGCGCCTCATGTGTCTGTACACCCGAAAAAGTTGAACAACTCCCGCCGTCTCCGTCCCTCACCGAAATGGCCATAACAATTTATTTTCCTTTGCTTACAGCGCTGGCTGCGTTGGCCCTCTGCGCTCTGGAAGCAGAGGCCCGCCTGGTGCTGCCGTGGCCTTTGGCGAAAGAGACATTTGTCCAGCTTCATAGCAGTGCAGAGTCTGCTGGTGACTCTGATGCTAAGAGCAGTTCGGCTGAGGCTTCAGAAGGGTCTACACGCGAGCCTAGCGGGTCTTCGCAGAAAGAAGGCGATGCGAATGAGGCTAATCAATCCAGTACATCCAGTGGCACTGAGAGCGAAGCCCAGGAAGCATCAAAACAAGAAGACCAAAAAACCACAAGTGAAGATACACCCGAAGGATCTTCAGAAGAAGAATCAGAATCTTCCAGCGCGTCCAACTCAGCAGGAGGCTCACAGACAGAAGGGCAGGAAGGTTCGAGCCAAGAAGGTCAGCGGACAAATGAAAGCGCGTTAGATACCTCCTCAAACGCTGAAAAATCTGAAACCAATTCAAATGTAGAGACACCAGCGGCAGGCAGCGCAGGAGAGGAGCAGCCCTCCAACCCTCCCGCAACAGAACAACAAAACAACCAGGCAGAGGGCAAAGGCGAGCAGCAGCCTGTGGAATCAACTCCATCAAAATCAGATAAAGAAGTTCAACAGGAAGGCAAGGGAAGCTCCCCAGAAAACGAACAATCCAAATCTCAGAGCGAAGCAAAAACACCCGGAGATCATACACATGAACATGCGGCTCCTCCTTCTCAAGAATCCGAGCCAGAGCCAAAAGCTAGCCAAACAGAGAAGGCAGCAGAGCAACACCGCAGTGCTGCTCATGAGGAACGTCCACTGTCTGCCTCTGCGACTGAGCAGTCTCCAGAGGCCGCTTCAGCCACAGACAGCCCAGCTGTATCTACAGCAGAAGATCCGCGCATGCAGTCCATTACATTGCACGACTCACTGACAGCAGAGGCAGACAAATTCTCAGAAACTTTTGCAGGTCCCAAGGTTGAAGAACTTACAGCGCATTGCGTAATGACCCACAACAAAATAAGGACTGCCAGACTCGACCAGTGGCCTGATCCTTTAAACGCAGACGATGGGCTAGCAGAAGTTGCTCGAAACCGTGCAAAAGAATATATTTCTAACAACTGCCAACTTCCCGAAAAAACCAAACTTGACCCTCTTGTGGAGTTAATGGCGCAAAAAAATGGAAAGGCATGCGACGGGCTGAGTTATGTTTTCCTTGACGGCCTTTCTGAAATGGAAAAAGTTCTTCATGAGAAACCGCCAGGGTCTTACAACCCAACAGATCCCAAAAACGCGTGGCACTCGGAAAATGCGCAGAAACTCGCGCTGCTCATGTCCGAAACAGGACGGTCTGTCGGCTGTGCTGCGACCACCGGATGTGCTGAAGATTATTTATTCTGCCATTATTTTCCTAAACTTGCCATTGGAAACGAAGTCATTTCAACCCAAATATACAACGCCCTCAAAAAACGAGAAAGTGTGGAGACCCATGGACTGCCCTTTTTAGCAAGCAAAGTGGCAGACCACGAGGTGAAAAGTTCAGCAGGAGCTAAGGTCAAGGAATTTGAATCGAGTTCAGCTAGCGCTGCTTTGCCGTTGACATTTGTGGCAATCGTTGCAGTCCCTATACTGGGAACGCTGCGACTATTCTGATGTAATTTGATTTAATATAATAATATGACAAT","MLVWRVGSGVQSLRLERSQLPLVRASCVCTPEKVEQLPPSPSLTEMAITIYFPLLTALAALALCALEAEARLVLPWPLAKETFVQLHSSAESAGDSDAKSSSAEASEGSTREPSGSSQKEGDANEANQSSTSSGTESEAQEASKQEDQKTTSEDTPEGSSEEESESSSASNSAGGSQTEGQEGSSQEGQRTNESALDTSSNAEKSETNSNVETPAAGSAGEEQPSNPPATEQQNNQAEGKGEQQPVESTPSKSDKEVQQEGKGSSPENEQSKSQSEAKTPGDHTHEHAAPPSQESEPEPKASQTEKAAEQHRSAAHEERPLSASATEQSPEAASATDSPAVSTAEDPRMQSITLHDSLTAEADKFSETFAGPKVEELTAHCVMTHNKIRTARLDQWPDPLNADDGLAEVARNRAKEYISNNCQLPEKTKLDPLVELMAQKNGKACDGLSYVFLDGLSEMEKVLHEKPPGSYNPTDPKNAWHSENAQKLALLMSETGRSVGCAATTGCAEDYLFCHYFPKLAIGNEVISTQIYNALKKRESVETHGLPFLASKVADHEVKSSAGAKVKEFESSSASAALPLTFVAIVAVPILGTLRLF"
"EfaB_PLUS_193.g6","EfaB_PLUS_193.g6.t1","Eimeria falciformis Bayer Haberkorn 1970","EfaB_Contig_193:20,331..21,846(+)","unspecified product","16.39","ATGGCGCTGATTGGTAGCACTCACCAGCGCTTCGTGATGGTCATTTGTGCACAAGAAGCATACGCTGAGGAAGCTGATTGCACTGCCCAAATGAACACGGCCAGGACGAAAGTTGGCTTTGCACCATTGACTAAGGCAACAAAATCTTTCGATAGGCTTTTAAATGACCACGCTAGGTCCACGGATGAACTTTTTTTGCAGGAGGTTTGCACGATGGCGATGAGGAACCCTCCCGAATCTATCATGAACTTGTTGGCAGAGAATGAAGGCCCCGCAGCAGTCGCAATCCAGGCTGGGGATCAGGTGGATTTTAAACCAGCCGATACTAAAGATCCCGCCAGCAAAACATTTAAAGCGCTGATGTGTCTTACGAACCCGCCTGCCTTGGAAAATGACGAGGCTCCCTTCAACCAAGAGCAATGGAACAAGATCAAAACTGCACATCCAAATTCAGACTCCCCATCGAGTACTCGGGCAGCAGCTCCAACGTTCGTTGTGTTCATGGCAGTGGCGCTGGGTGTCGGTTTATTTTAG","AGCTGTTTAGAGAGGCAGGCTGGAATGGCGCTGATTGGTAGCACTCACCAGCGCTTCGTGATGGTCATTTGTGCACAAGAAGCATACGCTGAGGAAGCTGATTGCACTGCCCAAATGAACACGGCCAGGACGAAAGTTGGCTTTGCACCATTGACTAAGGCAACAAAATCTTTCGATAGGCTTTTAAATGACCACGCTAGGTCCACGGATGAACTTTTTTTGCAGGAGGTTTGCACGATGGCGATGAGGAACCCTCCCGAATCTATCATGAACTTGTTGGCAGAGAATGAAGGCCCCGCAGCAGTCGCAATCCAGGCTGGGGATCAGGTGGATTTTAAACCAGCCGATACTAAAGATCCCGCCAGCAAAACATTTAAAGCGCTGATGTGTCTTACGAACCCGCCTGCCTTGGAAAATGACGAGGCTCCCTTCAACCAAGAGCAATGGAACAAGATCAAAACTGCACATCCAAATTCAGACTCCCCATCGAGTACTCGGGCAGCAGCTCCAACGTTCGTTGTGTTCATGGCAGTGGCGCTGGGTGTCGGTTTATTTTAGGGTTTAGGGTTTAGGGTTTCAAAGTGGTTATTTGGCTGCTTTTTACTGTTTTAATAATTTGATTATGTATTTGTTTTCAAAGCGCATCTTGAGGGAGTTGGCAATGCCGATAAAGAGCACCAGGCAGCAAGAGGCACGCTAGGAT","MALIGSTHQRFVMVICAQEAYAEEADCTAQMNTARTKVGFAPLTKATKSFDRLLNDHARSTDELFLQEVCTMAMRNPPESIMNLLAENEGPAAVAIQAGDQVDFKPADTKDPASKTFKALMCLTNPPALENDEAPFNQEQWNKIKTAHPNSDSPSSTRAAAPTFVVFMAVALGVGLF"
"EfaB_PLUS_2074.g242","EfaB_PLUS_2074.g242.t1","Eimeria falciformis Bayer Haberkorn 1970","EfaB_Contig_2074:102,981..110,220(+)","unspecified product","16.04","ATGCGGAGGGAGGCAGCGGCAATGAAGACGGAGGTGGAGCTGAGGGGGAAGATGACGAAAATGGAGGAAGTGGAGCTGGCGGGGAAGATAAAGAAAATGGAGGAAGTGGAGCTGAAGAGGGAAACGAAAATGGAGACGGTCAAAGCCGGCGAGAACGAGGCAAACACATCAAAGGCGGATCTTGCGGACTTCCTGAAGGACAAAACCTGCGGGTCTCTCAAGGCTGGAACATTCAGCCACATTAGTGGAGCAGGAAACGACGCAATCTTTGTGGTCTCCGCCTCCAAGACCCCCGCCGAGGGTGCCTCGATGACCTGCTCAGACGCAATAAGCGAATTCGAAAAAGGATTCAGCGCCTTTGAGAAGAAAAACCCTCCCGCTTACAAGGAGAATGACGGTGTCTACAAGAACCCCAACGCCGTAGGCCTCATCAGCCTCACCTCAGAAGTGAGTCAAAAAGTTTTCTGCGGCACTCCAAAGGAATGCAACGACCCAAACACAATCGTCTGCTACTTCAAGCCTTCCTTCGTCAAGGTTGATGAGGTTCCTATCGACACCTTTACGTGGCATTGGGTAGAAGAACGTTTTGGACTTAAACCAGCCTTCAAGCCGCAAGAGGAGAACGACAAGGCTTACGTGGATGCTGTGAATGCCGTGCGTGGGAAGGAGGGGCTTGCGCTGCCTGCCTTCACCATCTTGAAGGATCTAGAAGAAAACCCACCAGCAAAAATCCGTCAGGAGGTGGAAGCTCTGACCCAGATTGAGTCGGCTCTTCTCGATCTCACCTGCGACACATTGAGCACTTCAGCTATCGACCCTGCAACTGCGTTGGGTTACACGGTTATTTACGCCTTGAAGGAGGGATCGACTCCTCCCACTGCCAAGGAGGCTGTGGAGTACTGGGAGAGTGGCTTTGAGAAGCTGAACTACAACCTGCCGCCAGCCTTCGGGGTTAAGGAGACAGAAGGTGGAGACAACGCTGGAGGAGAGGGAGACAAAGGAGAAGGAGGCAACAAGGGCGAGGATAATAAAGGAGAAGAAAACAAGGGAGAGGAGGGTAACGAAGATAATAAGGGAGAGGAGGGTAAGGGAGAGGAGGGTAAGGAAGAGGTGGGTAAGGAAGAGGAGGGTAAGGGAGAGGAAGTTAAAGGAGAAGAAGGCGGTGAAGAGGTTGAAGTGAAGCTGAACTCACGGATGGCTCGCAACTCCAAAACCCAAAGCGGCAACATCCTGGGCATTTACGCGGACAGCCAAGTTGCTGGATACGTCTCCCTAATGACCGATAAGACCCGCCAGATGTTTTGCATCAACGCCACGGGATGCAGCAAGGCAGGCGTCGTCTGCGTGCTGAAGGAGGCCACCCTTGTCAAGAACCAACAACCCATTAGCGCGGGGACTTGGAAAAAAATCAATACTCTCAAAGAAGTCACGAAGCCCACGCTCACCGCCCTCGCCACTGAGAAGAACTGTCTGATGGAGATAAACGCCATTCGAACCCAAGACCAAATTGGTTTTGATGCTTTTGTCGCCGCCGCTTCTCCCTCAAAAACCCTCAGCCCTCTGATGACTAGCGTCACCTGCCAAAACCTCAAGGCAGGCAAGGTCAAGCCAACGATTGGAGGCTCCACCAGCCTCATGTATTTCTCTGCTGCTGAGCCCACCTGCGAGAAGGCAGTCATTGACTGGCAGAGCGGCGTCACCAGCTTCGCGGATGTGGAGACCCCCCCCGCGTACACCGCTGACTTGGCGCTGTACAAAAACAAGGCAGCAAGCAACTTTGTGTCTTTGATGACGGACAGCAAGAAACAAACCGCCACCTGCTACAGCGCAAAGGGATGCGAGGAGAATGCTGTTGTCTGCGAGCTGGCCCCCGCTACTCTAAAGGAAGGCGTGGCCCCCATCAGCGCTGAAAAATGGAAAGTAATCACCAGCGTTATGAAAAGCGGGGCTCCCGAAGTGCTCTCCAACGAAAATGGAAATGTGGTTACCGACTTGGCCGTAGAAACCACCGTGGGTGATGGGTATAAAGACTCATTGTCAGAGGTGCCCCTGACCGTTACTCTCCCCTTAAACGAGGAGCAACCGCAGCCAGAAGACCCTGAGGGTCAGAAGAGTGAGCAGCAAGCAGCTGAGGATTTAGTTGGGGCTAAGGAGCCGCTGCCGGAGCCTCTGCGGACGGAAGACTTGTTGGAGTTTGTTGGGGATGAGTATTTTTTGGCTACGGAGGAGAAGAAGGTTGCGTCATTTCATCGATTAACGAGGCGGTTTATTCGCAGTTTGGTGTATTTAGTTGCCATCGCGATTATTTTTGAATTGATGTTTCAGTTTTATATGAAGCCGCTTGCTCGAGACACGCTTAAGGCATACAAACGCATATACCCTGGCCGGCCTCCCCTCGGCAGAGACAATCTGCTGAAGGTGTTGGTGCTTTCGAACCAGCTAATCACCATTACTTTTACATTTTGTTTCCTTACCTTTTTTATTTTGGTGGCGCGCGTCGCATCAACTGGATATCAGATGCAGAAGATTTGGGTCGAGCAGGAATATGAAGCAGAAACCAAGCTTTTGGAAGAGGAAGCAAATCCAGAAAATCCAGAAGATCCAAAAGATCCAGAAGATGCAGAAGATCCAAAAGATTTAAAAGATCCAAAAGATTTAAAAGACCCAAAAGACCCAAAAGACCCAAAAGACCCAAAAGACCCAAAAGATCCAAAAGATCCAAAAGATCCAAAAGACCCAAAAGATCCAAAAGATCCAAAAGATCCAAAAGACCCGAAAGATCCAAAAGATCCAAAAGATCCAAAAGATCCAAAAGATCCAAAAGATCCAGAAGATCTAAAAGATCCAAAAAATCCAAAAAATCCAAAAGATGGAATATCAACAGAAAACACTAAAGATAAGAAGTCAGGAAATACTAGATAA","TACGAAAGTAACTGAATTAATTAACATAGTTGGGTCGACCGATAACTGCCTGACGGAGATAAACAATTGGCGAAAGAAAGTCAACCCAGGACTGAAACCCTACACAGCACTCAACGATGCGGAGGGAGGCAGCGGCAATGAAGACGGAGGTGGAGCTGAGGGGGAAGATGACGAAAATGGAGGAAGTGGAGCTGGCGGGGAAGATAAAGAAAATGGAGGAAGTGGAGCTGAAGAGGGAAACGAAAATGGAGACGGTCAAAGCCGGCGAGAACGAGGCAAACACATCAAAGGCGGATCTTGCGGACTTCCTGAAGGACAAAACCTGCGGGTCTCTCAAGGCTGGAACATTCAGCCACATTAGTGGAGCAGGAAACGACGCAATCTTTGTGGTCTCCGCCTCCAAGACCCCCGCCGAGGGTGCCTCGATGACCTGCTCAGACGCAATAAGCGAATTCGAAAAAGGATTCAGCGCCTTTGAGAAGAAAAACCCTCCCGCTTACAAGGAGAATGACGGTGTCTACAAGAACCCCAACGCCGTAGGCCTCATCAGCCTCACCTCAGAAGTGAGTCAAAAAGTTTTCTGCGGCACTCCAAAGGAATGCAACGACCCAAACACAATCGTCTGCTACTTCAAGCCTTCCTTCGTCAAGGTTGATGAGGTTCCTATCGACACCTTTACGTGGCATTGGGTAGAAGAACGTTTTGGACTTAAACCAGCCTTCAAGCCGCAAGAGGAGAACGACAAGGCTTACGTGGATGCTGTGAATGCCGTGCGTGGGAAGGAGGGGCTTGCGCTGCCTGCCTTCACCATCTTGAAGGATCTAGAAGAAAACCCACCAGCAAAAATCCGTCAGGAGGTGGAAGCTCTGACCCAGATTGAGTCGGCTCTTCTCGATCTCACCTGCGACACATTGAGCACTTCAGCTATCGACCCTGCAACTGCGTTGGGTTACACGGTTATTTACGCCTTGAAGGAGGGATCGACTCCTCCCACTGCCAAGGAGGCTGTGGAGTACTGGGAGAGTGGCTTTGAGAAGCTGAACTACAACCTGCCGCCAGCCTTCGGGGTTAAGGAGACAGAAGGTGGAGACAACGCTGGAGGAGAGGGAGACAAAGGAGAAGGAGGCAACAAGGGCGAGGATAATAAAGGAGAAGAAAACAAGGGAGAGGAGGGTAACGAAGATAATAAGGGAGAGGAGGGTAAGGGAGAGGAGGGTAAGGAAGAGGTGGGTAAGGAAGAGGAGGGTAAGGGAGAGGAAGTTAAAGGAGAAGAAGGCGGTGAAGAGGTTGAAGTGAAGCTGAACTCACGGATGGCTCGCAACTCCAAAACCCAAAGCGGCAACATCCTGGGCATTTACGCGGACAGCCAAGTTGCTGGATACGTCTCCCTAATGACCGATAAGACCCGCCAGATGTTTTGCATCAACGCCACGGGATGCAGCAAGGCAGGCGTCGTCTGCGTGCTGAAGGAGGCCACCCTTGTCAAGAACCAACAACCCATTAGCGCGGGGACTTGGAAAAAAATCAATACTCTCAAAGAAGTCACGAAGCCCACGCTCACCGCCCTCGCCACTGAGAAGAACTGTCTGATGGAGATAAACGCCATTCGAACCCAAGACCAAATTGGTTTTGATGCTTTTGTCGCCGCCGCTTCTCCCTCAAAAACCCTCAGCCCTCTGATGACTAGCGTCACCTGCCAAAACCTCAAGGCAGGCAAGGTCAAGCCAACGATTGGAGGCTCCACCAGCCTCATGTATTTCTCTGCTGCTGAGCCCACCTGCGAGAAGGCAGTCATTGACTGGCAGAGCGGCGTCACCAGCTTCGCGGATGTGGAGACCCCCCCCGCGTACACCGCTGACTTGGCGCTGTACAAAAACAAGGCAGCAAGCAACTTTGTGTCTTTGATGACGGACAGCAAGAAACAAACCGCCACCTGCTACAGCGCAAAGGGATGCGAGGAGAATGCTGTTGTCTGCGAGCTGGCCCCCGCTACTCTAAAGGAAGGCGTGGCCCCCATCAGCGCTGAAAAATGGAAAGTAATCACCAGCGTTATGAAAAGCGGGGCTCCCGAAGTGCTCTCCAACGAAAATGGAAATGTGGTTACCGACTTGGCCGTAGAAACCACCGTGGGTGATGGGTATAAAGACTCATTGTCAGAGGTGCCCCTGACCGTTACTCTCCCCTTAAACGAGGAGCAACCGCAGCCAGAAGACCCTGAGGGTCAGAAGAGTGAGCAGCAAGCAGCTGAGGATTTAGTTGGGGCTAAGGAGCCGCTGCCGGAGCCTCTGCGGACGGAAGACTTGTTGGAGTTTGTTGGGGATGAGTATTTTTTGGCTACGGAGGAGAAGAAGGTTGCGTCATTTCATCGATTAACGAGGCGGTTTATTCGCAGTTTGGTGTATTTAGTTGCCATCGCGATTATTTTTGAATTGATGTTTCAGTTTTATATGAAGCCGCTTGCTCGAGACACGCTTAAGGCATACAAACGCATATACCCTGGCCGGCCTCCCCTCGGCAGAGACAATCTGCTGAAGGTGTTGGTGCTTTCGAACCAGCTAATCACCATTACTTTTACATTTTGTTTCCTTACCTTTTTTATTTTGGTGGCGCGCGTCGCATCAACTGGATATCAGATGCAGAAGATTTGGGTCGAGCAGGAATATGAAGCAGAAACCAAGCTTTTGGAAGAGGAAGCAAATCCAGAAAATCCAGAAGATCCAAAAGATCCAGAAGATGCAGAAGATCCAAAAGATTTAAAAGATCCAAAAGATTTAAAAGACCCAAAAGACCCAAAAGACCCAAAAGACCCAAAAGACCCAAAAGATCCAAAAGATCCAAAAGATCCAAAAGACCCAAAAGATCCAAAAGATCCAAAAGATCCAAAAGACCCGAAAGATCCAAAAGATCCAAAAGATCCAAAAGATCCAAAAGATCCAAAAGATCCAGAAGATCTAAAAGATCCAAAAAATCCAAAAAATCCAAAAGATGGAATATCAACAGAAAACACTAAAGATAAGAAGTCAGGAAATACTAGATAAATAGTTAAGAAA","MRREAAAMKTEVELRGKMTKMEEVELAGKIKKMEEVELKRETKMETVKAGENEANTSKADLADFLKDKTCGSLKAGTFSHISGAGNDAIFVVSASKTPAEGASMTCSDAISEFEKGFSAFEKKNPPAYKENDGVYKNPNAVGLISLTSEVSQKVFCGTPKECNDPNTIVCYFKPSFVKVDEVPIDTFTWHWVEERFGLKPAFKPQEENDKAYVDAVNAVRGKEGLALPAFTILKDLEENPPAKIRQEVEALTQIESALLDLTCDTLSTSAIDPATALGYTVIYALKEGSTPPTAKEAVEYWESGFEKLNYNLPPAFGVKETEGGDNAGGEGDKGEGGNKGEDNKGEENKGEEGNEDNKGEEGKGEEGKEEVGKEEEGKGEEVKGEEGGEEVEVKLNSRMARNSKTQSGNILGIYADSQVAGYVSLMTDKTRQMFCINATGCSKAGVVCVLKEATLVKNQQPISAGTWKKINTLKEVTKPTLTALATEKNCLMEINAIRTQDQIGFDAFVAAASPSKTLSPLMTSVTCQNLKAGKVKPTIGGSTSLMYFSAAEPTCEKAVIDWQSGVTSFADVETPPAYTADLALYKNKAASNFVSLMTDSKKQTATCYSAKGCEENAVVCELAPATLKEGVAPISAEKWKVITSVMKSGAPEVLSNENGNVVTDLAVETTVGDGYKDSLSEVPLTVTLPLNEEQPQPEDPEGQKSEQQAAEDLVGAKEPLPEPLRTEDLLEFVGDEYFLATEEKKVASFHRLTRRFIRSLVYLVAIAIIFELMFQFYMKPLARDTLKAYKRIYPGRPPLGRDNLLKVLVLSNQLITITFTFCFLTFFILVARVASTGYQMQKIWVEQEYEAETKLLEEEANPENPEDPKDPEDAEDPKDLKDPKDLKDPKDPKDPKDPKDPKDPKDPKDPKDPKDPKDPKDPKDPKDPKDPKDPKDPKDPKDPEDLKDPKNPKNPKDGISTENTKDKKSGNTR"
"EfaB_PLUS_25458.g2090","EfaB_PLUS_25458.g2090.t1","Eimeria falciformis Bayer Haberkorn 1970","EfaB_Contig_25458:13,251..17,216(+)","unspecified product","16.04","ATGGCAAGGGGGGCTTCTCATTTGCTACTTTTCCTTAATTGTTTTGACGAAAATGGCGCGTTTCTCCAGATTGGTCACACTGGGCAGTCATCCATCACCTTGGAAGAATCTGCAGCTGGAGGCGAAATCCTAGTCGACCCTAGCCTCGCTGAACTGAACGAGCCCAGGAAGAAAGCTGGCTTTTCGCCATTCACTCAGGCGACTAAACGAGAAGATATGTTAATTAATTATGCCTTTGAGGTGGATGGGATGGGCGGCGACCACTATATCTGCAGACAAATGTCACTTAATCCTTCCAAACTTGCTGCAGACTTATTCGTGAGAGGAGGATCGGCCACCACAGCAGTCTCAATTCAAAATGGGGAGAAGCCCGATTGTAAGGCGGCAGTTAACGAATGGGCAGGAGGCATTACTAAGTTTTCTTCTTTGCCGCCCGCGTACAAGAAAGACACAGAGCCGTATATAAGTTCAGGGGCTATATCGTCGATTACCCTCTTTAATCCTAACCCAAACCCCACTGTCGACTGTATGTACTTCGATTGCCCACACCTAAAAGCCCCTCCGCCACAGCCCGATAGCGAGGCAGTTAAAGGCCTGGTGTGCCTCACGAAACCGCCTGCCTTGGTGGATGGCAAAGCTCCTTTCACCAAAGACCAGTGGGACAAAGTTAAAAGTGTAGCCGGTGATTCTGATTCTGGTACTACGGCCGCAGCTCCGACGTTCGTTGTCCTCGTGGCAGGGGCGCTCGGTCGAGCAAGCAGAAGATTGCCGAGTGGACCACCTCGGTTAGAGAAGGGCGTATGTTTCCGCACTCCCGATGATCTCAGGGAGGCGCTCCGCTTAATAAAGTCTGCTCGTCAGCATGTGAAACGGGAGTGCGAAGATTGCCGCAGGACTCTCGAAGAGGGGAAGGCTGCCGGTGGTGGAGCAAGCGTGAACGGCACTCATCGCCTTTAG","TAACTCTTTTTAATGGCAAGGGGGGCTTCTCATTTGCTACTTTTCCTTAATTGTTTTGACGAAAATGGCGCGTTTCTCCAGATTGGTCACACTGGGCAGTCATCCATCACCTTGGAAGAATCTGCAGCTGGAGGCGAAATCCTAGTCGACCCTAGCCTCGCTGAACTGAACGAGCCCAGGAAGAAAGCTGGCTTTTCGCCATTCACTCAGGCGACTAAACGAGAAGATATGTTAATTAATTATGCCTTTGAGGTGGATGGGATGGGCGGCGACCACTATATCTGCAGACAAATGTCACTTAATCCTTCCAAACTTGCTGCAGACTTATTCGTGAGAGGAGGATCGGCCACCACAGCAGTCTCAATTCAAAATGGGGAGAAGCCCGATTGTAAGGCGGCAGTTAACGAATGGGCAGGAGGCATTACTAAGTTTTCTTCTTTGCCGCCCGCGTACAAGAAAGACACAGAGCCGTATATAAGTTCAGGGGCTATATCGTCGATTACCCTCTTTAATCCTAACCCAAACCCCACTGTCGACTGTATGTACTTCGATTGCCCACACCTAAAAGCCCCTCCGCCACAGCCCGATAGCGAGGCAGTTAAAGGCCTGGTGTGCCTCACGAAACCGCCTGCCTTGGTGGATGGCAAAGCTCCTTTCACCAAAGACCAGTGGGACAAAGTTAAAAGTGTAGCCGGTGATTCTGATTCTGGTACTACGGCCGCAGCTCCGACGTTCGTTGTCCTCGTGGCAGGGGCGCTCGGTCGAGCAAGCAGAAGATTGCCGAGTGGACCACCTCGGTTAGAGAAGGGCGTATGTTTCCGCACTCCCGATGATCTCAGGGAGGCGCTCCGCTTAATAAAGTCTGCTCGTCAGCATGTGAAACGGGAGTGCGAAGATTGCCGCAGGACTCTCGAAGAGGGGAAGGCTGCCGGTGGTGGAGCAAGCGTGAACGGCACTCATCGCCTTTAGAGTTCTTTCGCAGAGTAGACCAGCTTGCGCGCAAAAAGATGAAAAGAAAAATTCATGCTTTGTTTCAGCGCCAGCAAGCCACTCACTTCTGCCAGAGTTTACAGTCAACTTTAATGAAGAAGCGTGGCTTCGCTGAAGCACGGCGTTGCGCCCTCGCGTCTTACCAACGATTTTTGGCACAATGGCACCCAAAGGCTGCACTGCTCGGGTGTGCTGTGGAAGTTGAGCTATGCCCAGAAATAATAAGCCATCCCTCCATGTCCTTTCTGCGAGCCAAAGGGGTTCATGGCGAACTTGCAGAGCCACTTTGTCGTTGTCTTTAGGATGCGGTGCAACGCCATGGCCGACGCCTCTCGCTGATGAAAGTGGAAATCTACTATGCACATCTTCGCTGCATCGCAGTTTTGGAGAAACAAGTGACGGGCACTGCAGATTGCCACGAAGGCGTTCAATTCCATCTCCTATTTAAGGAACGACTACTCGAAACAAACTATTATTCAGTAGAGGCGCCTCAGGGCACAGTGGATACTTTTCACGAGGCAACCGTTGCTGCCTCATCATCTCCAGCGACTCCAATACACGCAGCGATGGA","MARGASHLLLFLNCFDENGAFLQIGHTGQSSITLEESAAGGEILVDPSLAELNEPRKKAGFSPFTQATKREDMLINYAFEVDGMGGDHYICRQMSLNPSKLAADLFVRGGSATTAVSIQNGEKPDCKAAVNEWAGGITKFSSLPPAYKKDTEPYISSGAISSITLFNPNPNPTVDCMYFDCPHLKAPPPQPDSEAVKGLVCLTKPPALVDGKAPFTKDQWDKVKSVAGDSDSGTTAAAPTFVVLVAGALGRASRRLPSGPPRLEKGVCFRTPDDLREALRLIKSARQHVKRECEDCRRTLEEGKAAGGGASVNGTHRL"
"EfaB_PLUS_25458.g2117","EfaB_PLUS_25458.g2117.t1","Eimeria falciformis Bayer Haberkorn 1970","EfaB_Contig_25458:362,889..365,774(+)","unspecified product","16.08","ATGTCCGCTTCAGTGGCGGCAGCTGTGCAGAGCTGTCATCGCGACAGTTCAGCCGACAGTCTGCCCTCCCGAGCAATCCCTGCCCTGGAGGCCCGCAACGCACGCAGAAGAACTTTGGGCTTGAAGCGGAGGGCTCGGGGAGGAGAAGGAGCGGCTTCGACTGAGGGCTCCCACCGGCGGCCCAGGGCCTCCTCTAGGCAAACCAGCTGCGTCTCGGGCAGCCTCAACTCCAATGAAGGAGACAGTTCAGCGTGGGAGAGCGACTGTCATCTTATCTCGTTTATCGGGGGACTGCCTTCCAAAGGGAAGGACACTTCCGACTCGCACGTGGCTGTCTCGCAGTCGGGGGTCACCTCGGAACCCCAGGCCTCCTGTGCGTATGCAGTGGCATCCCAGCTACGGCGTTTGGCTATACGGGTGAGGGAGGCTTTGCGGAAGACAGGGGAGGCGGATGGCTGCCTTCTCCCCTCTCCTCGCACAGCCGCTCCCACCGCACGAGGAGACACCACAGCAGCATGTGTCTCCATCAAGCAGAAGCTGCTGGGACGTCTAGCGACCTCATTAGAGGCGCTGGCAGAAGACGCCACGGAGGCGGCCACTGAGTGCTGCAGGTGGATCCACGCGGCCGCGAGGCACAGGCAGCAGCTGGAGAATGCGCTCGAGGAAAATGAGCGCCTACTAGCGGAGAGTCAGCTGCTGGCCGAGGAGTTAAACGACGCAAAGCAGAAACTTTTCAACAGCGAGGGGCAGCGCCAGCAACTCGCCAACTGCAAGCGTTACCAGGAGAAGTTCTTCGTCTGCCAGCGGCAACTGATCCAGCTACAGCACGAGCTGCAGACCCTGCGCCAGGGCATAGAAGCCCTCGAGGCTTCTCACAAGGAACAAGAGGCCCAGCTGGACAGAAATGCGGAGACGAATGCTCATCTGAAGGAAGCTCTCCGGTTGCGGTCTGAAGAGCTCGCACAGACGAAACAAGCCCTTGCTACTGAGCGTGCCTCATCCCGTGCATCTTTGAGTTCGATAGCCCTGCACGAGGAGGCGCTGGTTTTGGCGCACCCCATGCTCACCCATGGGCGGCTTTCCTCAGCTGGCGCATGCAGCCCCAGAAGCCGCGTTTTGAACACGCGAGGGGCCCAAAGTGAGGCTTTGCCGTCTCCCCCTTTGACCCCCAGTACCCCTGGCGAGGCCCAGCGGGGTGGGAGGATCCTTCCTCCTTATAAGAGTTTCAGCAGCTTGGGGTGCTCCGCCTCAAGGAGCAGCCTGCGAGCCTCCATCTTTGGAGCGCAACAGCGGCTAAAGCAGCGGCTACAGCAGCAGCCTGCCCCCACGGCCAGCCCGCATGTCTCTCCCGACTGGCGCTGCGCTCATCCCTCTTCACACTGCGATGCGGGCAGCAGCGAGAAGAGCAGCACGCCTCTGCCAACCGACAGGACAGAGAAGGAAGCAACTTCTTCAAAAGATGAACACCCACAGAGAAAACTGTCTCTTTTTCACGAACTCGCTGCCTCTGCTGCTGGGGTCCCTGCTGGCCCTAAGCCGCAGGGGCCCACAGAGGCAAGCGGCGTAGGAGAAGAGCCAGCAGAAACCACGGCGGCCTGCGCGCTGCAGCAGCTCCTCAAGGTTGTTGCCAAGTCTCCCCTTTCCTTGGAGGACCTCCAGGGCCTCGGCATGAACCCTGAGTGTCTCCTGAAGGTGTCAAGGCTCCGGAGAGACCTGGCCTTGGGGCGAGACAAGGCTAGCAGCAGCCCTCCAACTGCAGCAGGGAGGGCGCAAGCTGTCCCCTGGCTGTCTGTCCTGTCTCTGAGGTTTACAGGGAATCTGAAAACGCTGTTGCAGTCCGTTGCGAGGATAGTTGCTGCAGGAGAAGCTGTCCCTCAGCAGTGGGCCTTTGCTAATGGCCTCGTTTCCCGCTGTCTCCACCTCTCCGCCCTCAACAGAAACACTTGCGCCGCGCTGCTGCTGGCAGCAGCTGGGGCAACTTCTGTGTGGATCCACTTAGGCGATCAAAAAGGCTAG","TCCGTGCCCCTTTTTTTTCAATGAGATGTCCGCTTCAGTGGCGGCAGCTGTGCAGAGCTGTCATCGCGACAGTTCAGCCGACAGTCTGCCCTCCCGAGCAATCCCTGCCCTGGAGGCCCGCAACGCACGCAGAAGAACTTTGGGCTTGAAGCGGAGGGCTCGGGGAGGAGAAGGAGCGGCTTCGACTGAGGGCTCCCACCGGCGGCCCAGGGCCTCCTCTAGGCAAACCAGCTGCGTCTCGGGCAGCCTCAACTCCAATGAAGGAGACAGTTCAGCGTGGGAGAGCGACTGTCATCTTATCTCGTTTATCGGGGGACTGCCTTCCAAAGGGAAGGACACTTCCGACTCGCACGTGGCTGTCTCGCAGTCGGGGGTCACCTCGGAACCCCAGGCCTCCTGTGCGTATGCAGTGGCATCCCAGCTACGGCGTTTGGCTATACGGGTGAGGGAGGCTTTGCGGAAGACAGGGGAGGCGGATGGCTGCCTTCTCCCCTCTCCTCGCACAGCCGCTCCCACCGCACGAGGAGACACCACAGCAGCATGTGTCTCCATCAAGCAGAAGCTGCTGGGACGTCTAGCGACCTCATTAGAGGCGCTGGCAGAAGACGCCACGGAGGCGGCCACTGAGTGCTGCAGGTGGATCCACGCGGCCGCGAGGCACAGGCAGCAGCTGGAGAATGCGCTCGAGGAAAATGAGCGCCTACTAGCGGAGAGTCAGCTGCTGGCCGAGGAGTTAAACGACGCAAAGCAGAAACTTTTCAACAGCGAGGGGCAGCGCCAGCAACTCGCCAACTGCAAGCGTTACCAGGAGAAGTTCTTCGTCTGCCAGCGGCAACTGATCCAGCTACAGCACGAGCTGCAGACCCTGCGCCAGGGCATAGAAGCCCTCGAGGCTTCTCACAAGGAACAAGAGGCCCAGCTGGACAGAAATGCGGAGACGAATGCTCATCTGAAGGAAGCTCTCCGGTTGCGGTCTGAAGAGCTCGCACAGACGAAACAAGCCCTTGCTACTGAGCGTGCCTCATCCCGTGCATCTTTGAGTTCGATAGCCCTGCACGAGGAGGCGCTGGTTTTGGCGCACCCCATGCTCACCCATGGGCGGCTTTCCTCAGCTGGCGCATGCAGCCCCAGAAGCCGCGTTTTGAACACGCGAGGGGCCCAAAGTGAGGCTTTGCCGTCTCCCCCTTTGACCCCCAGTACCCCTGGCGAGGCCCAGCGGGGTGGGAGGATCCTTCCTCCTTATAAGAGTTTCAGCAGCTTGGGGTGCTCCGCCTCAAGGAGCAGCCTGCGAGCCTCCATCTTTGGAGCGCAACAGCGGCTAAAGCAGCGGCTACAGCAGCAGCCTGCCCCCACGGCCAGCCCGCATGTCTCTCCCGACTGGCGCTGCGCTCATCCCTCTTCACACTGCGATGCGGGCAGCAGCGAGAAGAGCAGCACGCCTCTGCCAACCGACAGGACAGAGAAGGAAGCAACTTCTTCAAAAGATGAACACCCACAGAGAAAACTGTCTCTTTTTCACGAACTCGCTGCCTCTGCTGCTGGGGTCCCTGCTGGCCCTAAGCCGCAGGGGCCCACAGAGGCAAGCGGCGTAGGAGAAGAGCCAGCAGAAACCACGGCGGCCTGCGCGCTGCAGCAGCTCCTCAAGGTTGTTGCCAAGTCTCCCCTTTCCTTGGAGGACCTCCAGGGCCTCGGCATGAACCCTGAGTGTCTCCTGAAGGTGTCAAGGCTCCGGAGAGACCTGGCCTTGGGGCGAGACAAGGCTAGCAGCAGCCCTCCAACTGCAGCAGGGAGGGCGCAAGCTGTCCCCTGGCTGTCTGTCCTGTCTCTGAGGTTTACAGGGAATCTGAAAACGCTGTTGCAGTCCGTTGCGAGGATAGTTGCTGCAGGAGAAGCTGTCCCTCAGCAGTGGGCCTTTGCTAATGGCCTCGTTTCCCGCTGTCTCCACCTCTCCGCCCTCAACAGAAACACTTGCGCCGCGCTGCTGCTGGCAGCAGCTGGGGCAACTTCTGTGTGGATCCACTTAGGCGATCAAAAAGGCTAGGCCTAC","MSASVAAAVQSCHRDSSADSLPSRAIPALEARNARRRTLGLKRRARGGEGAASTEGSHRRPRASSRQTSCVSGSLNSNEGDSSAWESDCHLISFIGGLPSKGKDTSDSHVAVSQSGVTSEPQASCAYAVASQLRRLAIRVREALRKTGEADGCLLPSPRTAAPTARGDTTAACVSIKQKLLGRLATSLEALAEDATEAATECCRWIHAAARHRQQLENALEENERLLAESQLLAEELNDAKQKLFNSEGQRQQLANCKRYQEKFFVCQRQLIQLQHELQTLRQGIEALEASHKEQEAQLDRNAETNAHLKEALRLRSEELAQTKQALATERASSRASLSSIALHEEALVLAHPMLTHGRLSSAGACSPRSRVLNTRGAQSEALPSPPLTPSTPGEAQRGGRILPPYKSFSSLGCSASRSSLRASIFGAQQRLKQRLQQQPAPTASPHVSPDWRCAHPSSHCDAGSSEKSSTPLPTDRTEKEATSSKDEHPQRKLSLFHELAASAAGVPAGPKPQGPTEASGVGEEPAETTAACALQQLLKVVAKSPLSLEDLQGLGMNPECLLKVSRLRRDLALGRDKASSSPPTAAGRAQAVPWLSVLSLRFTGNLKTLLQSVARIVAAGEAVPQQWAFANGLVSRCLHLSALNRNTCAALLLAAAGATSVWIHLGDQKG"
"EfaB_PLUS_7048.g677","EfaB_PLUS_7048.g677.t1","Eimeria falciformis Bayer Haberkorn 1970","EfaB_Contig_7048:412,918..416,003(+)","unspecified product","16.39","ATGGCGCGTTTCATCAGATTGGTCACACTGGGCAGTGCCTTGGTGCTCTTCACCTTGATAGAAAGATCCGCCGGAGGCGAAGTAATCTTAACCGAACCAACTGATTGCGTCGCTGAAATGAACGAGCCCAGGAAGAAAGCTGGCTTTTCGTCATTTACTCAGGCGACTAAATCGGAAGACATGCTTGTGGATAGTATTCCTAAGCGGGATGGGAATAGAGACATCCTCAGGGATATCTGCGAAGGGTTTGCACTTAATCCTGCCAAACTTTCTGCAACATTCGTGGAAGCAGGAACGGGCACCTTGGCAATTTCAATTCAAAATGGGGAGAAGGCCGATTCCACCGAGCTCTACGCCGCTACCGAGGCAGTTTCAGGCCTGGCCTGCCTCACGAAACCGCCTGCCTTGGTGGATGGCAAAGCTCCTTTTACCAAAGAGCAGTGGGACAAAATGAAACGTGTAGCAACTGATTCTGATTCTGGTACTACGGCCGCAGCTCCGACGTTCGTTGTCCTAATGGCAGGGGCGCTTGGTGTTTCTCTTATTTAA","TTCCATGTTTTTTTCGCGGGCCAAAGAGGCTTGGTGCACGCAGTGGTACGAGGGGACGAAGCGGGTATTCAAGTCGTTTTCTTGTCGAGTTCATGGCGAACTTGCACAGCCACTTTGTCGTTGGTTTTGGGATGCGGTGCGGCGCCATGGCCGACGCCCCTCGCTAATGGAAGTGGAAATACAATATGCACATCTTCGCTCCATCGCAATTTTGGAGAAACAAGTGACAGGCACTGTAAATTGCCACGAAGGCATTCAGTTGCATCTCCCATTTAAGGAACGACTACCCGAAAAAAAAGATTTATCGGAAGGGGCGCCTCAGGGCACAATGGATACTTTTCAAGAGACAGCCGTTGCTGCCTCATCACCTCCAGCGACTTCAATACACGCAGCGATGGACATTGCAGAGTGCTAAGCCCCGAGCCACCAAGGGGGTGAAGACAGCCCAAGTGTCGTAGCGCATCATCCACTCGCAACAGCAAATGGGAATGACAGATCTAGTACTTTCCAATATTCCACAACCTCAGACGGCACTGGGTCGTTCAAGATCCTTTATGTCGATACACTCCCATCACAAGTGCATTGCTCAGCTGTTCTCCCTCAGCAGAAATGCCCACTGAGTGAACATCTTTTGTCTGTTTTGCACGGTTTCGACATACGAGGGAAGAAGAATGAACTTGGGAAGTGTGATTTGTCTCCATTGTTTAATGGCGGTCAATGGCTGCTGCACAGCAGCGAGATACAGCACCCAGCGGAGCGTTTGCCTATTTGCGGTTGGCGGAGGCGCGTCCGGAGACAGGGAAGGTTTCACTGACATATTTGTGCCTCTTCCTAACGCACAATAGCAGAGCTGTCGCTGTATGGGATGCCTTCCCTGGCTCTGCTCTTGTTGCACGGTGTTGATGTGGAATATGGCAGAAACGCATCCCCCAAACCGCGGCTTTGCACAGGGTGGAGATTGAAGCTGCACAAGTTCTAGAGCAGTTTACGCAATAGCATTAGACGCGGAGGATCAGGACACACGTGGGACAATCAATTGTAATATTTGCTCGTGTAATATCTACTTGTGTTGGGTCGTAGAGAAGTCAAGACAACGTAGCGTGTACAGTTGCATTTCGGAGTGTCCTAGGTGTTCAGGCGCAGGCTGGGATGGCAGTGGTAACCTGGCAAGGGCATATTTGCCGCTGTCTCAATAGAATTTAATCACTACCGCATTAGTTTAGGCTAACTTTGCAGGGCAAGTCTTCATGACGTGCAACATGTCTACTGAGGCCGCATCTCTCCCATCCAAGCACCAAAGCACCTCCACACCAAGAAGGAAGTTGCCAGCTTCAACAGAGGAATGGAAAACAACTTTTTTTAATGACAGGGGGAGACTTCTCATTTGTTAGTTTTCTTTAATTGTTTTGACGAAAATGGCGCGTTTCATCAGATTGGTCACACTGGGCAGTGCCTTGGTGCTCTTCACCTTGATAGAAAGATCCGCCGGAGGCGAAGTAATCTTAACCGAACCAACTGATTGCGTCGCTGAAATGAACGAGCCCAGGAAGAAAGCTGGCTTTTCGTCATTTACTCAGGCGACTAAATCGGAAGACATGCTTGTGGATAGTATTCCTAAGCGGGATGGGAATAGAGACATCCTCAGGGATATCTGCGAAGGGTTTGCACTTAATCCTGCCAAACTTTCTGCAACATTCGTGGAAGCAGGAACGGGCACCTTGGCAATTTCAATTCAAAATGGGGAGAAGGCCGATTCCACCGAGCTCTACGCCGCTACCGAGGCAGTTTCAGGCCTGGCCTGCCTCACGAAACCGCCTGCCTTGGTGGATGGCAAAGCTCCTTTTACCAAAGAGCAGTGGGACAAAATGAAACGTGTAGCAACTGATTCTGATTCTGGTACTACGGCCGCAGCTCCGACGTTCGTTGTCCTAATGGCAGGGGCGCTTGGTGTTTCTCTTATTTAATTATTAATTTTCGAATGGGCTTTTTTGCGGTTTCCTTTTCTTTGATTATTTTATTTTCAATGTGGTTTTTTCGCG","MARFIRLVTLGSALVLFTLIERSAGGEVILTEPTDCVAEMNEPRKKAGFSSFTQATKSEDMLVDSIPKRDGNRDILRDICEGFALNPAKLSATFVEAGTGTLAISIQNGEKADSTELYAATEAVSGLACLTKPPALVDGKAPFTKEQWDKMKRVATDSDSGTTAAAPTFVVLMAGALGVSLI"
"EfaB_PLUS_8664.g835","EfaB_PLUS_8664.g835.t1","Eimeria falciformis Bayer Haberkorn 1970","EfaB_Contig_8664:194,033..205,348(+)","unspecified product","15.01","ATGCCGTCAAGCTCCAGCACATCTCCCTGTAGAGACTGGGCCACCGTCGGTTTAAAGAAAGCTACTGAGGAACTGCAGGGAAGCAGAGCTGAGACACCTGCAGCAACTTCTGCAGAAAACACAGCCTCCCTGCACCCACTGCAAAAGGAGCAACGCGAAGCAGCAGCAACAGCAGCAGCGGCGGTGGCGGCGGAAACAACATTTCCAGCGGCAGCAAAGGCGGAGGATGGCAACGAGAAGGGGCCAGGGGAAGATGTTTCTCCGCCTAATAGTCAGCAGGCGATGTCCCGCTGCAGCAGTCACAGCCTATCGTTTGATGAAACTCGAGGGACCCCCTGGGACACGTGGCCCTTCTCTGAGTCTAGCACCACGAAGTACTCGGGGCACTTTGGGTGGATGGACTTTTCGGTGGGGGCTCCTCCGGTTCCTGCGGGGCCTCGCATCCCCTGGGAGTCTGCAGCTGAAGCTCTTCAGGCCGTCGACAGCAAGAACAGACAGCACAGCAACACAAGCAGCAGCACAAGCAACAGCTGCCTTGGCAGTGCAGCACCAGCAGCAGCAGCAGCAGCAGTAGCAGCACCAGAGGGAGCGCGAGACCCTCCCCGGATGGTCATAGGCGTGTGCGCTATGCGCATGAAAACTGACAGCCGTCCTATGAGGGAAATTTTAGAGCGTCTTGAGAATTTTGAGGAATTTCGCGTTGTTGTCTTCGACGAGCGCGTCATACTGGAGGATCCCATAGAGAAGTGGCCGGTTGTCGACGGGCTTATTGCCTTCTTTTCTACGGGCTTCCCGCTCAACAAGGCAATCGCCTACGCGAAAAAGTATCAGCCAATTCTGTTAAATGACGTTTCCAGACAGCAGATCATTCGAAACCGACTCGCCATATACAACGTCCTCGAGCAACACGACATTCCCCATCCTTCTTATGTGGTAGTGGACTACAACGCGGTGCGTCGGGGTGAGGCGCTTTTCTCCGAGGGCTACGACTACCTCAGCATCAACGGCCAGCGAATCAACAAGCCATTCATTGAGAAGCCGCAAGAGGCAGACAACCACGACAATTGGATCTACTACCCTAAAAACGCTGGCGGCGGATGCAAGAAGTTGTATCGAAAGCAGCAGAACAGCAGCAGCAGCTATTTCCCGGATATTCATCAAGTGCGGAAGGACGGCGTTTATTTATACGAAGAGTTTCTCCCCACGTTTGGCACTGACGTCAAGGTGTACACGGTGGGACCTCTGTTCGCCCATGCGGAGGCCCGCAAAAGCCCTAGCGTGGACGGGGTTGTGTGCCGCTCTGCAGACGGGAAGGAGGTGCGCTACCCCGTCATTTTGACGGAGATCGAAAAGTGCATCGCATTTAAGCTCGTCCGTGCCTTCCAGCAGGTTGTTTGCGGCTTTGATATCCTAAGGACCAGCCGGGGCCCATTTGTGTGCGACGTTAATGGTTTCTCTTTTGTAAAATCGAACGTCAAGTATTACGACGATTGCAGCAGCATCATCCGCCTCTACTTCTTAAAGAAACTGGCGGACCGCTGCGCCCGCAGCGCCCTGCACTCCTCCGTCCCCAGCAACGCCTCGGCCTTAAGGAGACAGCAGCAGCAGCTGGAGAGTTACCTCGCGCAGCAGCAGAGACGCTGTCCCCACGGAGGCACGGCCCTTTCGGATCTTTTCTGGCTGCCCCCTGGACACGCCCCTGGTGTGCTGTCTCCGCCTATGGACGGAGACAGCAGCCACGGAGCCTCAAGGATGGCGCGCTGTCTCTGTATGGCGTTGGAAAGCGAGGAAGAGGCGGAAGGCGTAGAGGAAGAACTCAGGACAGTTGTGGTGGTTATGCGCCACGGGGATCGCCGGCCTAAACAGAAACTGAAGTTTCTGTCTACGCAGCCTCTGCTACTGCAATATTTCAATGAAGAAAACCACAAGAAGGAGCTCAAGCTGAAGAGCCCTGAAGAGCTCCGCGACCTCTTAGACAGAAACACAGAAATCATCACTGCCCTCGTGCGTCTCCCTGCCACCCCCGCCCTTGCAGCCGCTGCAGCCTGCAGCCCTGCAGCTGATTCTTTGATTGCTGCCGCCACTGCCGCGCCTAGGGTGCAGGGAGTGGTGTTGGTGGGGTTGTGTTTTCTTTCCGTCCTTGCCCAGCAGGGACGAAAGGTAGCGGCAGCTAGCCACGAGCTGCAGGCGGAAAAACAGGCTGAGAAGGGGTATGTTTCTGGAGGGACAGGAGGAGACACTGACTCACCGGGGCTGACGGCTCCAGAGGTGTCTCCCCTACAGAACGAAAGTGCCAGCAGCACTGCACACCGGACATCCCCCCTTGAATTTATTAAAAGAGAGTTAAGGCTGCACAAGCAGCTACAGAAGGTCCTCCTTCAGGGCGACGGCTTTGCAGGGATTAACCGCAAGATCCAGCTGAAGCCAAAGAAGTGGGTCTGCGAGCCTGAGTCTCTGTCCGCCTCCTGTCCAGTGGTGTCTCCTGTGGAACCCGCGCAGCAGCAGCAGCAGCAGCAGCCTGTTTTGGCACCACAGTCGCAGGAGGCCACCCAGCAGCAACAGCCTAAGCAAGAGCAGCAACAACGACAGACCGATTTTAGAGGTCCAGCATTTGTTGCTGAGGGGCTTGCTCAGTGCTCCACAGCAGAGATTACGCGCACCTGCAGCGTCCCCACCCTGACATCTTTCACTGGGCCTTTGTTATCAACTTTCCCGACTGTCTCTTCGATTTCCCTAGGAGAGACTCTGACAAGCCCTTACAGCCCTGCCTCCACCAACGTGGTGCCAGCGATCCCTTCTGCGGGTGTTGTCGCTGGGGCTGTTGCTGCTGCTGCTGCAGCAGCTGCTGCTGCTAATTGGCAAGAGAAGGCCCAGCGTACAGGAGGCGGCACCAGCACATCTCTTCCTCCTGGCGCCTCTGGCAGCAGCAGCACGAGCAGCCACAACGCCGGCTATCTTGAAAGCTGCGTGGTGGTGGCCAAATGGGGGGGCGAGCTGACGGCCATCGGCAGGAAGCAGGCGGAGGACTTGGGCCAGCGCTTTCGCTACCAGCTGTACCCGGGGGACAGCGCTGGTCTCCTTCGGCTGCACAGCACTTTTCGGCACGACTTTAAAATTTACACCAGCGATGAAGGGCGATGCCAGATAACATCTGCCGCCTTCACAAAAGGCTTCTTGGATTTGGAAGGCGAGCTGACGCCCATCCTCGTTGCTTTGGTCATCCACAACCGCAAAGCCTACGCTCTCCTCGACGAGTCCGCGCAATGTGCGAGCGAGAAAAGAATGTTAAAGCAGTGCCTCGATTTTCTCCTGAATTTAAACGACGAGCAGCTCACCTCCCTTAAGCAACGCGTGGTGCACTTGCTTGAGCGGCGGGCGCAGCTAGCTGTGCCTCAGGCCTCTGCCATTCTTGGAGGAGATAGGGGAGCTGCTAGCCAAGAGGAGAAGAAGGCAGCAGACGCTGAGGCGTTTCTTACGTCTCCCCAGCCCTCCTCTGACGGCCAAGAAGCAGAGGAACCGTGGGGGCCGGAGCGTCTCATTCAGAACTGTCCTGAAGGAGACACTGCGCTGATCCCTAAGCAGCTCGAGGCCCTTCAACGCCTGCAGTCTCCTCTTGACCGGCAGACGGAGATTCTTTCTCTTCTCAAAGTGTTTTTGGAGCTGCTGGATCCTCTGATAGAAGAGGCGACGGCGGGGGATTCGGAGGCAGTGGTGACGCCCCTTTCAGCCCCCCAATCGCAGAAGCAGGCAGCAGCCACGAAGCTCGCAGAAATGAAAAGCAGATGGCAAAAGGTTTATTCGGACTGGTATAAGGCCGGGATGTTTGACAGCAGCAAGATTTCGGACATTCTCGACATGATTCGCTACGAGCTGATCCACCATTGTTATCTCCTCTCCCGCGATGCTGTACAGACAGCGATAAACATTCACAACCGGATCAAGGAGCTGCAAGAGGCGGTTTCTGCCTTTGCTTACGCCCACAGCAATGAAGAGAAGCTCCGCCTCGCCGTACCCGTCGTTGGCCGCCTTATCCGCAAAGTTCTTAGAGACGTCACCTTCTTCAGGAGCGATGACACCCAGCAGAAGTTTCCACAGCAAGCCTCAAACTCCTCATGTACTTCCTGCAACATTTCCGAGTGGGGAACGTCGCTGGGAGCTGCTGCAGCAGCAGCTGCTGCCGCGACTTCTGAAGAGGCGGCTGCGGCCAGTGCAACCGGTGGTACCGTAGCAGCAGCAGCTGCTGCTGCTGTGGGTGCTTCTTCCTCTGGGGGGCAGCAAGCAGCTCCTGCCGGCGTCGGTGCCGGGGCAGACGGTGGGGCCTCACTGCGTGGTTCCCGCAGAGGCACGGCACTCAACGGGAGCCCTCGCAGCAGCAGCAGCTGCATGGCCAGAGCAAGCAGCCCCTCAGCCTTTGGAGCCCGCAGTGCCGCAAGTGCGGGCTCAGCCCATCGCTCTTCAGGTGAAGGCCTGCAGTCGCCCCGCTCTGGGGGATCGGGGATCGTTGGAGTTGCCTCGGGATCGGCCCCGGCGTCGGGATCGCCAGGAGCCTTTCTTAGAGGAGTTTCGCCTGCTGCGGCATCAGCAACTCCTGATTTGCGGCGTTCGCTGAACTCCCGCTGCAGCCCAGGGGGCGGCACTGCCACCCGCAGCAGCAGCACGCAGCTACGGGCCTCGAGCATAAGCCGCCATAGCCTTGCCTCTTCCTCCATCCCCGCCAAAGGAAGCAGCGCTCGCAGGAACAGCCGCAGCAGCGGGAGTTCTATCGCAGCCAATGCACCCAGAGCTCTTGGCAGATGCGCCATTCCAGGGGGGAGCAGCAACACCAGCGGAGCGGCAGATATCGGACTAAGGCCGCTTTGTGGAGCAGGGGGAGGCGGTGGGATTGTCTCCTCAGGCGGCCCGGAGACGGTTGTTATTAACAGCAACGACCTGTGGGCCCACCAGCAAACCGGCGGACGAGGTAAGAAAGAAAAGGCTCTCAAACAACTTCGAGAGGAACAGGTGCAGCAAATGCAACAGATACACATGGAACACGTACAGTCTGAGCTTAAGCTGTTGCAGCAACAAGACCAGGATATTCAGCGTCTCGCCGCCTCCGTAGGGCAGCAGCAGCAAGCCAGCCTTGACAATGCCGCCCAGTCGCAGGAACTGCAGCACCCACAGAAGCAGCCAACAACCCCTTGCGAACAGTCGCACGAGCAGCAACTGCAGCTCCTGCATGGCCATTCATATTCAGCAGCTGCAGCCCTTTACAAAGGAAACGCGCTGCCCTCTCAACAGAATTCAGACGACAAACAGCAGCTGCTGCTGCAGCGCCAAGACAGCAGCTCCCCGGAAAGAAGTGGAGCAACTGTTACGGGAGAAGCCGCTAATAACCCAGCAGCAAAGGGAAAGGCAGCGACAGCAGGAGCCGAAGAAGAGGAGGAGCATGAGGACGACGATCCCCACCAACATGAGGTGGCAGCACAAATCCGGCTCAAAGAAGGCGAGGCTCACCTCTTTGGGATCCGATCTCCGTGGCGGATCGTACGAAGCCGTTTCTACGTAACAAGCTCAAGTCACGTAGAGGCTCTGCTGAATGTTCTCCTCCTCAGCCACCGCGCAGTCTCTGCCAAGCCCCAAAACGCAACGCATGCAGAGGCCGTGAATACGGAAGCAAGTGGAAGGGCTGCTGCTGGTGCTGCTGGGAGGAGCAGTGATCCGCCCTGTGCTGAAGGCGCTTCAGAGGCGATGCCAGCGTCGATGGCCAAGGCCAGTGGGGAGACAGAGGAGGGCAGTGGTGGCCAACAGTTTAAACCCATCCTCGACCCTGGATTGCGGGACTGGGTGGGACAGTGCGAACTGCACTACTTATCCCACATCGTCTTCCGCGTGTGGGAGCGCAGAAGAGCCAAGCCGGCGCAAGCAACGGCCAGCAGCGGCTCGCAGAATAAGCAACAGCCAGGAGCAGCGCCGAAGCAACGCACGCCGCAGCCTCAGAAGCAGCAGCAGCAGCAGCAGCAGCAAGAGGAGAAGGGCCGATATCGCTTAGAGATCTTCTTCAGCACGGGGGCACGTGACGGATTCGGGGAGAATTTTTATCTCCTCGAGCGCAAAGCGCGCCAGCAGCAACAACAGCAACGAAACAAACAGCAGCAGCAACAACAACAGCAGCAGCAGCAGGCAGCACCACAGCCCGTGCCGAGTGCACGGCAGCAGCTTTGGCAAGAAGTGCATCAGCAGGAGGAAGAGGAACAGCGCTCCGCAGCCCTGCGTGGCTCCGACTTGGCAAGCCGCTTTTCATGCATGGTCTCTCCCGCTGCAGATTCTGAGTGCAAAAAGGGCTGCACGCGCTGTATGTCAAGGGGTGGGGGAAGCGATGCGAGCTGCGCCTGCTGCTGCACCGCACAGCAGCAGCGGGGACAGGATACGCGTGGCAGCGGCATGGACACACGTCACTCCTGCCCCGGAAGAAGTAGCTGCAGCAGGGACCCCTCGCAGAAGAAAACTGCATGCGGCTGCTCCTGCGGGAAGCCTTATACTAACCGTGTTCCTCCCTACTGCGAGATAGCCCCCCTTCTTCCGCTAGGCCGCTCCATTGAAGTTGGCGACTTTGAGGCCCTCATGAATGAAGTATTGCGCCGCTTCGGCGAGGGAACGGTCCACCGGACGCGTGCAGACAAGGCAAAGAGCCAGTGA","ACGATAAAATGCCGTCAAGCTCCAGCACATCTCCCTGTAGAGACTGGGCCACCGTCGGTTTAAAGAAAGCTACTGAGGAACTGCAGGGAAGCAGAGCTGAGACACCTGCAGCAACTTCTGCAGAAAACACAGCCTCCCTGCACCCACTGCAAAAGGAGCAACGCGAAGCAGCAGCAACAGCAGCAGCGGCGGTGGCGGCGGAAACAACATTTCCAGCGGCAGCAAAGGCGGAGGATGGCAACGAGAAGGGGCCAGGGGAAGATGTTTCTCCGCCTAATAGTCAGCAGGCGATGTCCCGCTGCAGCAGTCACAGCCTATCGTTTGATGAAACTCGAGGGACCCCCTGGGACACGTGGCCCTTCTCTGAGTCTAGCACCACGAAGTACTCGGGGCACTTTGGGTGGATGGACTTTTCGGTGGGGGCTCCTCCGGTTCCTGCGGGGCCTCGCATCCCCTGGGAGTCTGCAGCTGAAGCTCTTCAGGCCGTCGACAGCAAGAACAGACAGCACAGCAACACAAGCAGCAGCACAAGCAACAGCTGCCTTGGCAGTGCAGCACCAGCAGCAGCAGCAGCAGCAGTAGCAGCACCAGAGGGAGCGCGAGACCCTCCCCGGATGGTCATAGGCGTGTGCGCTATGCGCATGAAAACTGACAGCCGTCCTATGAGGGAAATTTTAGAGCGTCTTGAGAATTTTGAGGAATTTCGCGTTGTTGTCTTCGACGAGCGCGTCATACTGGAGGATCCCATAGAGAAGTGGCCGGTTGTCGACGGGCTTATTGCCTTCTTTTCTACGGGCTTCCCGCTCAACAAGGCAATCGCCTACGCGAAAAAGTATCAGCCAATTCTGTTAAATGACGTTTCCAGACAGCAGATCATTCGAAACCGACTCGCCATATACAACGTCCTCGAGCAACACGACATTCCCCATCCTTCTTATGTGGTAGTGGACTACAACGCGGTGCGTCGGGGTGAGGCGCTTTTCTCCGAGGGCTACGACTACCTCAGCATCAACGGCCAGCGAATCAACAAGCCATTCATTGAGAAGCCGCAAGAGGCAGACAACCACGACAATTGGATCTACTACCCTAAAAACGCTGGCGGCGGATGCAAGAAGTTGTATCGAAAGCAGCAGAACAGCAGCAGCAGCTATTTCCCGGATATTCATCAAGTGCGGAAGGACGGCGTTTATTTATACGAAGAGTTTCTCCCCACGTTTGGCACTGACGTCAAGGTGTACACGGTGGGACCTCTGTTCGCCCATGCGGAGGCCCGCAAAAGCCCTAGCGTGGACGGGGTTGTGTGCCGCTCTGCAGACGGGAAGGAGGTGCGCTACCCCGTCATTTTGACGGAGATCGAAAAGTGCATCGCATTTAAGCTCGTCCGTGCCTTCCAGCAGGTTGTTTGCGGCTTTGATATCCTAAGGACCAGCCGGGGCCCATTTGTGTGCGACGTTAATGGTTTCTCTTTTGTAAAATCGAACGTCAAGTATTACGACGATTGCAGCAGCATCATCCGCCTCTACTTCTTAAAGAAACTGGCGGACCGCTGCGCCCGCAGCGCCCTGCACTCCTCCGTCCCCAGCAACGCCTCGGCCTTAAGGAGACAGCAGCAGCAGCTGGAGAGTTACCTCGCGCAGCAGCAGAGACGCTGTCCCCACGGAGGCACGGCCCTTTCGGATCTTTTCTGGCTGCCCCCTGGACACGCCCCTGGTGTGCTGTCTCCGCCTATGGACGGAGACAGCAGCCACGGAGCCTCAAGGATGGCGCGCTGTCTCTGTATGGCGTTGGAAAGCGAGGAAGAGGCGGAAGGCGTAGAGGAAGAACTCAGGACAGTTGTGGTGGTTATGCGCCACGGGGATCGCCGGCCTAAACAGAAACTGAAGTTTCTGTCTACGCAGCCTCTGCTACTGCAATATTTCAATGAAGAAAACCACAAGAAGGAGCTCAAGCTGAAGAGCCCTGAAGAGCTCCGCGACCTCTTAGACAGAAACACAGAAATCATCACTGCCCTCGTGCGTCTCCCTGCCACCCCCGCCCTTGCAGCCGCTGCAGCCTGCAGCCCTGCAGCTGATTCTTTGATTGCTGCCGCCACTGCCGCGCCTAGGGTGCAGGGAGTGGTGTTGGTGGGGTTGTGTTTTCTTTCCGTCCTTGCCCAGCAGGGACGAAAGGTAGCGGCAGCTAGCCACGAGCTGCAGGCGGAAAAACAGGCTGAGAAGGGGTATGTTTCTGGAGGGACAGGAGGAGACACTGACTCACCGGGGCTGACGGCTCCAGAGGTGTCTCCCCTACAGAACGAAAGTGCCAGCAGCACTGCACACCGGACATCCCCCCTTGAATTTATTAAAAGAGAGTTAAGGCTGCACAAGCAGCTACAGAAGGTCCTCCTTCAGGGCGACGGCTTTGCAGGGATTAACCGCAAGATCCAGCTGAAGCCAAAGAAGTGGGTCTGCGAGCCTGAGTCTCTGTCCGCCTCCTGTCCAGTGGTGTCTCCTGTGGAACCCGCGCAGCAGCAGCAGCAGCAGCAGCCTGTTTTGGCACCACAGTCGCAGGAGGCCACCCAGCAGCAACAGCCTAAGCAAGAGCAGCAACAACGACAGACCGATTTTAGAGGTCCAGCATTTGTTGCTGAGGGGCTTGCTCAGTGCTCCACAGCAGAGATTACGCGCACCTGCAGCGTCCCCACCCTGACATCTTTCACTGGGCCTTTGTTATCAACTTTCCCGACTGTCTCTTCGATTTCCCTAGGAGAGACTCTGACAAGCCCTTACAGCCCTGCCTCCACCAACGTGGTGCCAGCGATCCCTTCTGCGGGTGTTGTCGCTGGGGCTGTTGCTGCTGCTGCTGCAGCAGCTGCTGCTGCTAATTGGCAAGAGAAGGCCCAGCGTACAGGAGGCGGCACCAGCACATCTCTTCCTCCTGGCGCCTCTGGCAGCAGCAGCACGAGCAGCCACAACGCCGGCTATCTTGAAAGCTGCGTGGTGGTGGCCAAATGGGGGGGCGAGCTGACGGCCATCGGCAGGAAGCAGGCGGAGGACTTGGGCCAGCGCTTTCGCTACCAGCTGTACCCGGGGGACAGCGCTGGTCTCCTTCGGCTGCACAGCACTTTTCGGCACGACTTTAAAATTTACACCAGCGATGAAGGGCGATGCCAGATAACATCTGCCGCCTTCACAAAAGGCTTCTTGGATTTGGAAGGCGAGCTGACGCCCATCCTCGTTGCTTTGGTCATCCACAACCGCAAAGCCTACGCTCTCCTCGACGAGTCCGCGCAATGTGCGAGCGAGAAAAGAATGTTAAAGCAGTGCCTCGATTTTCTCCTGAATTTAAACGACGAGCAGCTCACCTCCCTTAAGCAACGCGTGGTGCACTTGCTTGAGCGGCGGGCGCAGCTAGCTGTGCCTCAGGCCTCTGCCATTCTTGGAGGAGATAGGGGAGCTGCTAGCCAAGAGGAGAAGAAGGCAGCAGACGCTGAGGCGTTTCTTACGTCTCCCCAGCCCTCCTCTGACGGCCAAGAAGCAGAGGAACCGTGGGGGCCGGAGCGTCTCATTCAGAACTGTCCTGAAGGAGACACTGCGCTGATCCCTAAGCAGCTCGAGGCCCTTCAACGCCTGCAGTCTCCTCTTGACCGGCAGACGGAGATTCTTTCTCTTCTCAAAGTGTTTTTGGAGCTGCTGGATCCTCTGATAGAAGAGGCGACGGCGGGGGATTCGGAGGCAGTGGTGACGCCCCTTTCAGCCCCCCAATCGCAGAAGCAGGCAGCAGCCACGAAGCTCGCAGAAATGAAAAGCAGATGGCAAAAGGTTTATTCGGACTGGTATAAGGCCGGGATGTTTGACAGCAGCAAGATTTCGGACATTCTCGACATGATTCGCTACGAGCTGATCCACCATTGTTATCTCCTCTCCCGCGATGCTGTACAGACAGCGATAAACATTCACAACCGGATCAAGGAGCTGCAAGAGGCGGTTTCTGCCTTTGCTTACGCCCACAGCAATGAAGAGAAGCTCCGCCTCGCCGTACCCGTCGTTGGCCGCCTTATCCGCAAAGTTCTTAGAGACGTCACCTTCTTCAGGAGCGATGACACCCAGCAGAAGTTTCCACAGCAAGCCTCAAACTCCTCATGTACTTCCTGCAACATTTCCGAGTGGGGAACGTCGCTGGGAGCTGCTGCAGCAGCAGCTGCTGCCGCGACTTCTGAAGAGGCGGCTGCGGCCAGTGCAACCGGTGGTACCGTAGCAGCAGCAGCTGCTGCTGCTGTGGGTGCTTCTTCCTCTGGGGGGCAGCAAGCAGCTCCTGCCGGCGTCGGTGCCGGGGCAGACGGTGGGGCCTCACTGCGTGGTTCCCGCAGAGGCACGGCACTCAACGGGAGCCCTCGCAGCAGCAGCAGCTGCATGGCCAGAGCAAGCAGCCCCTCAGCCTTTGGAGCCCGCAGTGCCGCAAGTGCGGGCTCAGCCCATCGCTCTTCAGGTGAAGGCCTGCAGTCGCCCCGCTCTGGGGGATCGGGGATCGTTGGAGTTGCCTCGGGATCGGCCCCGGCGTCGGGATCGCCAGGAGCCTTTCTTAGAGGAGTTTCGCCTGCTGCGGCATCAGCAACTCCTGATTTGCGGCGTTCGCTGAACTCCCGCTGCAGCCCAGGGGGCGGCACTGCCACCCGCAGCAGCAGCACGCAGCTACGGGCCTCGAGCATAAGCCGCCATAGCCTTGCCTCTTCCTCCATCCCCGCCAAAGGAAGCAGCGCTCGCAGGAACAGCCGCAGCAGCGGGAGTTCTATCGCAGCCAATGCACCCAGAGCTCTTGGCAGATGCGCCATTCCAGGGGGGAGCAGCAACACCAGCGGAGCGGCAGATATCGGACTAAGGCCGCTTTGTGGAGCAGGGGGAGGCGGTGGGATTGTCTCCTCAGGCGGCCCGGAGACGGTTGTTATTAACAGCAACGACCTGTGGGCCCACCAGCAAACCGGCGGACGAGGTAAGAAAGAAAAGGCTCTCAAACAACTTCGAGAGGAACAGGTGCAGCAAATGCAACAGATACACATGGAACACGTACAGTCTGAGCTTAAGCTGTTGCAGCAACAAGACCAGGATATTCAGCGTCTCGCCGCCTCCGTAGGGCAGCAGCAGCAAGCCAGCCTTGACAATGCCGCCCAGTCGCAGGAACTGCAGCACCCACAGAAGCAGCCAACAACCCCTTGCGAACAGTCGCACGAGCAGCAACTGCAGCTCCTGCATGGCCATTCATATTCAGCAGCTGCAGCCCTTTACAAAGGAAACGCGCTGCCCTCTCAACAGAATTCAGACGACAAACAGCAGCTGCTGCTGCAGCGCCAAGACAGCAGCTCCCCGGAAAGAAGTGGAGCAACTGTTACGGGAGAAGCCGCTAATAACCCAGCAGCAAAGGGAAAGGCAGCGACAGCAGGAGCCGAAGAAGAGGAGGAGCATGAGGACGACGATCCCCACCAACATGAGGTGGCAGCACAAATCCGGCTCAAAGAAGGCGAGGCTCACCTCTTTGGGATCCGATCTCCGTGGCGGATCGTACGAAGCCGTTTCTACGTAACAAGCTCAAGTCACGTAGAGGCTCTGCTGAATGTTCTCCTCCTCAGCCACCGCGCAGTCTCTGCCAAGCCCCAAAACGCAACGCATGCAGAGGCCGTGAATACGGAAGCAAGTGGAAGGGCTGCTGCTGGTGCTGCTGGGAGGAGCAGTGATCCGCCCTGTGCTGAAGGCGCTTCAGAGGCGATGCCAGCGTCGATGGCCAAGGCCAGTGGGGAGACAGAGGAGGGCAGTGGTGGCCAACAGTTTAAACCCATCCTCGACCCTGGATTGCGGGACTGGGTGGGACAGTGCGAACTGCACTACTTATCCCACATCGTCTTCCGCGTGTGGGAGCGCAGAAGAGCCAAGCCGGCGCAAGCAACGGCCAGCAGCGGCTCGCAGAATAAGCAACAGCCAGGAGCAGCGCCGAAGCAACGCACGCCGCAGCCTCAGAAGCAGCAGCAGCAGCAGCAGCAGCAAGAGGAGAAGGGCCGATATCGCTTAGAGATCTTCTTCAGCACGGGGGCACGTGACGGATTCGGGGAGAATTTTTATCTCCTCGAGCGCAAAGCGCGCCAGCAGCAACAACAGCAACGAAACAAACAGCAGCAGCAACAACAACAGCAGCAGCAGCAGGCAGCACCACAGCCCGTGCCGAGTGCACGGCAGCAGCTTTGGCAAGAAGTGCATCAGCAGGAGGAAGAGGAACAGCGCTCCGCAGCCCTGCGTGGCTCCGACTTGGCAAGCCGCTTTTCATGCATGGTCTCTCCCGCTGCAGATTCTGAGTGCAAAAAGGGCTGCACGCGCTGTATGTCAAGGGGTGGGGGAAGCGATGCGAGCTGCGCCTGCTGCTGCACCGCACAGCAGCAGCGGGGACAGGATACGCGTGGCAGCGGCATGGACACACGTCACTCCTGCCCCGGAAGAAGTAGCTGCAGCAGGGACCCCTCGCAGAAGAAAACTGCATGCGGCTGCTCCTGCGGGAAGCCTTATACTAACCGTGTTCCTCCCTACTGCGAGATAGCCCCCCTTCTTCCGCTAGGCCGCTCCATTGAAGTTGGCGACTTTGAGGCCCTCATGAATGAAGTATTGCGCCGCTTCGGCGAGGGAACGGTCCACCGGACGCGTGCAGACAAGGCAAAGAGCCAGTGAGAATGGCCAGATATCCCCAGCTTGTCTCAAAGACGTTTTTCTTTTTAAAAGCCTCTGGCTGGCGTGGTGGAAATTTCAGAAAGGAAAACGGAGCAAAAGCCAGCTGGTGTTTGGCAAGTAATGTCGGTA","MPSSSSTSPCRDWATVGLKKATEELQGSRAETPAATSAENTASLHPLQKEQREAAATAAAAVAAETTFPAAAKAEDGNEKGPGEDVSPPNSQQAMSRCSSHSLSFDETRGTPWDTWPFSESSTTKYSGHFGWMDFSVGAPPVPAGPRIPWESAAEALQAVDSKNRQHSNTSSSTSNSCLGSAAPAAAAAAVAAPEGARDPPRMVIGVCAMRMKTDSRPMREILERLENFEEFRVVVFDERVILEDPIEKWPVVDGLIAFFSTGFPLNKAIAYAKKYQPILLNDVSRQQIIRNRLAIYNVLEQHDIPHPSYVVVDYNAVRRGEALFSEGYDYLSINGQRINKPFIEKPQEADNHDNWIYYPKNAGGGCKKLYRKQQNSSSSYFPDIHQVRKDGVYLYEEFLPTFGTDVKVYTVGPLFAHAEARKSPSVDGVVCRSADGKEVRYPVILTEIEKCIAFKLVRAFQQVVCGFDILRTSRGPFVCDVNGFSFVKSNVKYYDDCSSIIRLYFLKKLADRCARSALHSSVPSNASALRRQQQQLESYLAQQQRRCPHGGTALSDLFWLPPGHAPGVLSPPMDGDSSHGASRMARCLCMALESEEEAEGVEEELRTVVVVMRHGDRRPKQKLKFLSTQPLLLQYFNEENHKKELKLKSPEELRDLLDRNTEIITALVRLPATPALAAAAACSPAADSLIAAATAAPRVQGVVLVGLCFLSVLAQQGRKVAAASHELQAEKQAEKGYVSGGTGGDTDSPGLTAPEVSPLQNESASSTAHRTSPLEFIKRELRLHKQLQKVLLQGDGFAGINRKIQLKPKKWVCEPESLSASCPVVSPVEPAQQQQQQQPVLAPQSQEATQQQQPKQEQQQRQTDFRGPAFVAEGLAQCSTAEITRTCSVPTLTSFTGPLLSTFPTVSSISLGETLTSPYSPASTNVVPAIPSAGVVAGAVAAAAAAAAAANWQEKAQRTGGGTSTSLPPGASGSSSTSSHNAGYLESCVVVAKWGGELTAIGRKQAEDLGQRFRYQLYPGDSAGLLRLHSTFRHDFKIYTSDEGRCQITSAAFTKGFLDLEGELTPILVALVIHNRKAYALLDESAQCASEKRMLKQCLDFLLNLNDEQLTSLKQRVVHLLERRAQLAVPQASAILGGDRGAASQEEKKAADAEAFLTSPQPSSDGQEAEEPWGPERLIQNCPEGDTALIPKQLEALQRLQSPLDRQTEILSLLKVFLELLDPLIEEATAGDSEAVVTPLSAPQSQKQAAATKLAEMKSRWQKVYSDWYKAGMFDSSKISDILDMIRYELIHHCYLLSRDAVQTAINIHNRIKELQEAVSAFAYAHSNEEKLRLAVPVVGRLIRKVLRDVTFFRSDDTQQKFPQQASNSSCTSCNISEWGTSLGAAAAAAAAATSEEAAAASATGGTVAAAAAAAVGASSSGGQQAAPAGVGAGADGGASLRGSRRGTALNGSPRSSSSCMARASSPSAFGARSAASAGSAHRSSGEGLQSPRSGGSGIVGVASGSAPASGSPGAFLRGVSPAAASATPDLRRSLNSRCSPGGGTATRSSSTQLRASSISRHSLASSSIPAKGSSARRNSRSSGSSIAANAPRALGRCAIPGGSSNTSGAADIGLRPLCGAGGGGGIVSSGGPETVVINSNDLWAHQQTGGRGKKEKALKQLREEQVQQMQQIHMEHVQSELKLLQQQDQDIQRLAASVGQQQQASLDNAAQSQELQHPQKQPTTPCEQSHEQQLQLLHGHSYSAAAALYKGNALPSQQNSDDKQQLLLQRQDSSSPERSGATVTGEAANNPAAKGKAATAGAEEEEEHEDDDPHQHEVAAQIRLKEGEAHLFGIRSPWRIVRSRFYVTSSSHVEALLNVLLLSHRAVSAKPQNATHAEAVNTEASGRAAAGAAGRSSDPPCAEGASEAMPASMAKASGETEEGSGGQQFKPILDPGLRDWVGQCELHYLSHIVFRVWERRRAKPAQATASSGSQNKQQPGAAPKQRTPQPQKQQQQQQQQEEKGRYRLEIFFSTGARDGFGENFYLLERKARQQQQQQRNKQQQQQQQQQQQAAPQPVPSARQQLWQEVHQQEEEEQRSAALRGSDLASRFSCMVSPAADSECKKGCTRCMSRGGGSDASCACCCTAQQQRGQDTRGSGMDTRHSCPGRSSCSRDPSQKKTACGCSCGKPYTNRVPPYCEIAPLLPLGRSIEVGDFEALMNEVLRRFGEGTVHRTRADKAKSQ"
"EfaB_PLUS_8664.g847","EfaB_PLUS_8664.g847.t1","Eimeria falciformis Bayer Haberkorn 1970","EfaB_Contig_8664:354,313..355,958(+)","unspecified product","15.55","ATGAGCTGGATTTTCGGGGGCTCCTCATCCCCGGAGAAGTCGCCTGCACAGGACCAGACGCTCCCAGACCTTCCCCCTAGTCTACAGACACTCCCTCCACCGCCTCCACCCCGAGGGGCCCCTGTCTCCTCAAGTCCCTTCACTGGGTTCAGCGAACCCCCGCCATCACCGCCTGTCCCTTTGGGGACACCCCGAGGGGCGTCATTGTCTCTGCCGCTGACTAAAGACACTGACTATTCCAACGAAGACTTCTCGAAATACACATCCCCGTACACCGAGAGCCCCGGGGTGAGGGATGCAGAGTATGCAGCAGAGTATTTGTCTCGGAGGGAGAGGGCCCCTTCTTGGCTAGACGAGCACATCACAAATCCCAAACTACGCGGGTGTATCGACGCCGTCAAGATGGGCGTCAAAATGGGCTGTGCCGTAGGAGGAATTTTCGGGGGCCTCACGGGCACCTACGCGGCGATCACCAACAGGAATCTGTTGATTCTGCCTCTCTCCATCGTTGGCGGCGCTCTTTCCTTTGGCTTTTTCCTGGGCTGTGGGATGGTCATTCGGTGCGAAGAGCCGCGCATGTCCGGGGCTCGCATGCCGGGGGTCCCCAGCCAGATGCTCCCCGGCTACTCCAAAGGACACTTCTTCCTAACAACCCCCGCAGCTCGTCTCCCCAACTACGGTTGTGACAGAGACAGCCGAGCCTAG","CAAGCCTGCTTCAGGAGGAGAGAGGATGAGCTGGATTTTCGGGGGCTCCTCATCCCCGGAGAAGTCGCCTGCACAGGACCAGACGCTCCCAGACCTTCCCCCTAGTCTACAGACACTCCCTCCACCGCCTCCACCCCGAGGGGCCCCTGTCTCCTCAAGTCCCTTCACTGGGTTCAGCGAACCCCCGCCATCACCGCCTGTCCCTTTGGGGACACCCCGAGGGGCGTCATTGTCTCTGCCGCTGACTAAAGACACTGACTATTCCAACGAAGACTTCTCGAAATACACATCCCCGTACACCGAGAGCCCCGGGGTGAGGGATGCAGAGTATGCAGCAGAGTATTTGTCTCGGAGGGAGAGGGCCCCTTCTTGGCTAGACGAGCACATCACAAATCCCAAACTACGCGGGTGTATCGACGCCGTCAAGATGGGCGTCAAAATGGGCTGTGCCGTAGGAGGAATTTTCGGGGGCCTCACGGGCACCTACGCGGCGATCACCAACAGGAATCTGTTGATTCTGCCTCTCTCCATCGTTGGCGGCGCTCTTTCCTTTGGCTTTTTCCTGGGCTGTGGGATGGTCATTCGGTGCGAAGAGCCGCGCATGTCCGGGGCTCGCATGCCGGGGGTCCCCAGCCAGATGCTCCCCGGCTACTCCAAAGGACACTTCTTCCTAACAACCCCCGCAGCTCGTCTCCCCAACTACGGTTGTGACAGAGACAGCCGAGCCTAGCGGGTCTCCTTCTGCCCAGTTAA","MSWIFGGSSSPEKSPAQDQTLPDLPPSLQTLPPPPPPRGAPVSSSPFTGFSEPPPSPPVPLGTPRGASLSLPLTKDTDYSNEDFSKYTSPYTESPGVRDAEYAAEYLSRRERAPSWLDEHITNPKLRGCIDAVKMGVKMGCAVGGIFGGLTGTYAAITNRNLLILPLSIVGGALSFGFFLGCGMVIRCEEPRMSGARMPGVPSQMLPGYSKGHFFLTTPAARLPNYGCDRDSRA"
