Primer,Primer_Sequence,Protein,Gene,Tm,Amplicon_Size
EfOocyEarHyp2_qX_F,5’-CAGATTTGATGGGGCGGAAG-3’,Oocy_early_hypothetical_protein,EfaB_MINUS_10843.g935,58.97,124
EfOocyEarHyp2_qX_R,3’-TGTGTGGGAGTAGTCAGCAG-5’,Oocy_early_hypothetical_protein,EfaB_MINUS_10843.g935,59.03,124
EfOocyEarHyp1_qX_F,5’-TGCGACAACAAGCTTCTTCC-3’,Oocy_early_hypothetical_conserved_protein,EfaB_PLUS_3469.g360,59.06,100
EfOocyEarHyp1_qX_R,3’-CTTCGCTGCATTCCCATCTC-5’,Oocy_early_hypothetical_conserved_protein,EfaB_PLUS_3469.g360,59.06,100
EfOocyEar4_qX_F,5’-CGGTTGCTGACTGGCTTTAA-3’,Oocy_early_subtilase_fam_serine_protease,EfaB_PLUS_800.g89,58.77,142
EfOocyEar4_qX_R,3’-CCATCAATAGCATATCCGCCG-5’,Oocy_early_subtilase_fam_serine_protease,EfaB_PLUS_800.g89,59.06,142
EfOocyEar2_qX_F,5’-GCAACGGTCATCATACACCC-3’,Oocy_early_aminopeptidase_1,EfaB_MINUS_26415.g2240,58.99,157
EfOocyEar2_qX_R,3’-CCAGTCGCACGGTAAACTTT-5’,Oocy_early_aminopeptidase_2,EfaB_MINUS_26415.g2240,58.78,157
EfOocyOWP1_qX_F,5’-GTTGCTTCTGGTGCTCTCTT-3’,Oocy_OWP,EfaB_MINUS_1001.g115,58.11,180
EfOocyOWP1_qX_R,3’-TGGCCGTTCTCTAATGATGC-5’,Oocy_OWP,EfaB_MINUS_1001.g115,58.05,180
EfOocyOWP2_qX_F,5’-GCGAATCCTTACCCGTGAAC-3’,Oocy_OWP_,EfaB_PLUS_2387.g293,59.00,122
EfOocyOWP2_qX_R,3’-CGGGATAAACACATGCTGGG-5’,Oocy_OWP_,EfaB_PLUS_2387.g293,58.98,122
EfOocyHyp2_qX_F,5’-ATACACCCGGAACTTGAGCA-3’,Oocy_hypothetical_protein_,EfaB_PLUS_10843.g913,59.02,187
EfOocyHyp2_qX_R,3’-TGGAAGTCGCTTTGAGGAGT-5’,Oocy_hypothetical_protein_,EfaB_PLUS_10843.g913,58.95,187
EfOocyHyp3_qX_F,5’-CAAGGGGCTGAAGAGAAGGA-3’,Oocy_hypothetical_protein__,EfaB_PLUS_9917.g892,59.01,165
EfOocyHyp3_qX_R,3’-TTCTCCTTCTGCGGACTCTG-5’,Oocy_hypothetical_protein__,EfaB_PLUS_9917.g892,59.11,165
EfSporoPro1_qX_F,5’-TCGCCCAAGAACCCAAGTAT-3’,Sporo_serine_protease,EfaB_MINUS_33854.g2514,59.01,108
EfSporoPro1_qX_R,3’-CCTCCGCCGAAAGTTTGAAT-5’,Sporo_serine_protease,EfaB_MINUS_33854.g2514,58.83,108
EfSporoPro2_qX_F,5’-AAACGATCCCCTTGAGCTGA-3’,Sporo_subtilisin-like_protease,EfaB_PLUS_13227.g1147,59.02,134
EfSporoPro2_qX_R,3’-CTAACAGCGCCTCACAACTC-5’,Sporo_subtilisin-like_protease,EfaB_PLUS_13227.g1147,58.93,134
EfSporo1_qX_F,5’-AGCAGAACGATCAGAAGGGT-3’,Sporo_unidentified,EfaB_PLUS_56725.g2816,58.73,130
EfSporo1_qX_R,3’-ACCGAGTCCTACTTCCTCCT-5’,Sporo_unidentified,EfaB_PLUS_56725.g2816,59.00,130
EfSporo2_qX_F,5’-TAATGGTGGTCACGGTGTTG-3’,Sporo_unidentified_,EfaB_MINUS_20412.g1825,58.11,164
EfSporo2_qX_R,3’-GCTTTCCGCCAGATGTCT-5’,Sporo_unidentified_,EfaB_MINUS_20412.g1825,57.37,164
EfMero1_qX_F,5’-TGCGTGTCAAGTGGAGTG-3’,Mero_ pan_domain-containing_protein,EfaB_PLUS_20371.g1644,57.56,200
EfMero1_qX_R,3’-GGCAGTCCGGGTATTCATAGT-5’,Mero_ pan_domain-containing_protein,EfaB_PLUS_20371.g1644,59.31,200
EfMero2_qX_F,5’-GATAACGGGATGCGGCAAAT-3’,Mero_microneme,EfaB_MINUS_19717.g1708,59.05,126
EfMero2_qX_R,3’-GCTGGCTGGCAAATCTTGAT-5’,Mero_microneme,EfaB_MINUS_19717.g1708,59.18,126
EfMeroSAG_qX_F,5’-AAAGCCATTGATTGCCTCGC-3’,Mero_SAG_fam_member,EfaB_MINUS_6743.g610,59.83,193
EfMeroSAG_qX_R,3’-GATCAATCAGTGTTCCCGCC-5’,Mero_SAG_fam_member,EfaB_MINUS_6743.g610,58.98,193
EfGam1_qX_F,5’-CTACCCTTTCCGTAGCTTCG-3’,Game_unidentified,EfaB_PLUS_28918.g2252,57.79,196
EfGam1_qX_R,3’-TTGGCCGGTGTAGAAAGAAC-5’,Game_unidentified,EfaB_PLUS_28918.g2252,58.11,196
EfMicro1_qX_F,5’-TCTTTGAATCTCGCCACAGC-3’,Micro_axonemal_dynein,EfaB_PLUS_800.g67,58.56,148
EfMicro1_qX_R,3’-GACTGCACTTCCTCCATTCG-5’,Micro_axonemal_dynein,EfaB_PLUS_800.g67,58.64,148
EfMicro2_qX_F,5’-TGAAATAGATGCGCCTTGGC-3’,Micro_axonemal_dynein_flagellar_arm,EfaB_PLUS_56725.g2794,58.98,147
EfMicro2_qX_R,3’-AGTCGGGTTTGGAATCTCGT-5’,Micro_axonemal_dynein_flagellar_arm,EfaB_PLUS_56725.g2794,59.03,147
EfMicro3_qX_F,5’-CTTTTGGGGCCTGCGTTTT-3’,Micro_axonemal_dynein_gamete_fusion_factor,EfaB_MINUS_2526.g308,59.55,190
EfMicro3_qX_R,3’-GGCCTTGTATTGCTCATCGG-5’,Micro_axonemal_dynein_gamete_fusion_factor,EfaB_MINUS_2526.g308,59.05,190
EfMicro4_qX_F,5’-TTCCAGGTAGCAGCAAGTCA-3’,Micro_axonemal_dynein_heavy_chain,EfaB_MINUS_800.g72,58.94,111
EfMicro4_qX_R,3’-CGCTTCCAACCGATTCGTTT-5’,Micro_axonemal_dynein_heavy_chain,EfaB_MINUS_800.g72,59.48,111
EfMacro_qX_F,5’-CCTGTTCAGTCCCAGCAGTA-3’,Macro_amiloride-sensitive_amine,EfaB_PLUS_3469.g355,59.02,199
EfMacro_qX_R,3’-GGAAGTTGAAAGTCGCTGCA-5’,Macro_amiloride-sensitive_amine,EfaB_PLUS_3469.g355,59.06,199
EfrRNALSU_qX_F,5’-GTTGGTGAGAAGAAGTGCCA-3’,EfaB_rRNA_LSU,EfaB_rRNA_LSU_01,58.03,170
EfrRNALSU_qX_R,3’-GATACTCGGTTAATGCGGCT-5’,EfaB_rRNA_LSU,EfaB_rRNA_LSU_01,57.85,170
EfrRNASSU_qX_F,5’-CCTGCTGCCTTCCTTAGATG-3’,EfaB_rRNA_SSU,EfaB_rRNA_SSU_01,58.04,230
EfrRNASSU_qX_R,3’-ACTTTGAGGAGTCTGGGTGA-5’,EfaB_rRNA_SSU,EfaB_rRNA_SSU_01,57.90,230
Ef60s_qX_F,5’-GGAGGCGATACGAAAGAGGA-3’,Ref_60s_ribosome,EfaB_PLUS_28105.g2216,58.97,246
Ef60s_qX_R,3’-TCCTGCTGAAGTTCGTCTGT-5’,Ref_60s_ribosome,EfaB_PLUS_28105.g2216,58.96,246
EfTata2_qX_F,5’-AATTGTTGCCTCACCAGCTG-3’,Ref_TATA_Box2,EfaB_MINUS_7048.g680,59.04,157
EfTata2_qX_R,3’-TTCAACACCGAAGCCATCTG-5’,Ref_TATA_Box2,EfaB_MINUS_7048.g680,58.48,157
EfCycCoxi_qX_F,5’-GCAGGTGGTCAGCAAAGAAA-3’,Ref_cytochrome_C_oxidase,EfaB_MINUS_39892.g2639,58.97,150
EfCycCoxi_qX_R,3’-GTACACCCCACGATCCTCTC-5’,Ref_cytochrome_C_oxidase,EfaB_MINUS_39892.g2639,59.25,150
EfRefMethy_qX_F,5’-GAGTAGGCCCGAGTATCTCC-3’,Ref_methyltransferase,EfaB_PLUS_15576.g1288,58.46,160
EfRefMethy_qX_R   ,3’-TAACACCAGTCCGCTCTCG-5’,Ref_methyltransferase,EfaB_PLUS_15576.g1288,59.12,160